チームID,チーム名,所属団体,部門,性別,種目,申込タイム,1走,2走,3走,4走
1001,テスト一般男子100m01,一般テストクラブ1,一般,男子,100m,11.00,,,,
1002,テスト一般男子100m02,一般テストクラブ1,一般,男子,100m,11.11,,,,
1003,テスト一般男子100m03,一般テストクラブ1,一般,男子,100m,11.22,,,,
1004,テスト一般男子100m04,一般テストクラブ1,一般,男子,100m,11.33,,,,
1005,テスト一般男子100m05,一般テストクラブ1,一般,男子,100m,11.44,,,,
1006,テスト一般男子100m06,一般テストクラブ1,一般,男子,100m,11.55,,,,
1007,テスト一般男子100m07,一般テストクラブ1,一般,男子,100m,11.66,,,,
1008,テスト一般男子100m08,一般テストクラブ1,一般,男子,100m,11.77,,,,
1009,テスト一般男子200m01,一般テストクラブ1,一般,男子,200m,11.80,,,,
1010,テスト一般男子200m02,一般テストクラブ1,一般,男子,200m,11.91,,,,
1011,テスト一般男子200m03,一般テストクラブ1,一般,男子,200m,12.02,,,,
1012,テスト一般男子200m04,一般テストクラブ1,一般,男子,200m,12.13,,,,
1013,テスト一般男子200m05,一般テストクラブ1,一般,男子,200m,12.24,,,,
1014,テスト一般男子200m06,一般テストクラブ1,一般,男子,200m,12.35,,,,
1015,テスト一般男子200m07,一般テストクラブ1,一般,男子,200m,12.46,,,,
1016,テスト一般男子200m08,一般テストクラブ1,一般,男子,200m,12.57,,,,
1017,テスト一般男子800m01,一般テストクラブ1,一般,男子,800m,2:05.00,,,,
1018,テスト一般男子800m02,一般テストクラブ1,一般,男子,800m,2:06.01,,,,
1019,テスト一般男子800m03,一般テストクラブ1,一般,男子,800m,2:07.02,,,,
1020,テスト一般男子800m04,一般テストクラブ1,一般,男子,800m,2:08.03,,,,
1021,テスト一般男子800m05,一般テストクラブ1,一般,男子,800m,2:09.04,,,,
1022,テスト一般男子800m06,一般テストクラブ1,一般,男子,800m,2:10.05,,,,
1023,テスト一般男子800m07,一般テストクラブ1,一般,男子,800m,2:11.06,,,,
1024,テスト一般男子800m08,一般テストクラブ1,一般,男子,800m,2:12.07,,,,
1025,テスト一般男子1500m01,一般テストクラブ1,一般,男子,1500m,4:10.00,,,,
1026,テスト一般男子1500m02,一般テストクラブ1,一般,男子,1500m,4:11.01,,,,
1027,テスト一般男子1500m03,一般テストクラブ1,一般,男子,1500m,4:12.02,,,,
1028,テスト一般男子1500m04,一般テストクラブ1,一般,男子,1500m,4:13.03,,,,
1029,テスト一般男子1500m05,一般テストクラブ1,一般,男子,1500m,4:14.04,,,,
1030,テスト一般男子1500m06,一般テストクラブ1,一般,男子,1500m,4:15.05,,,,
1031,テスト一般男子1500m07,一般テストクラブ1,一般,男子,1500m,4:16.06,,,,
1032,テスト一般男子1500m08,一般テストクラブ1,一般,男子,1500m,4:17.07,,,,
1033,テスト一般男子3000m01,一般テストクラブ1,一般,男子,3000m,9:20.00,,,,
1034,テスト一般男子3000m02,一般テストクラブ1,一般,男子,3000m,9:21.01,,,,
1035,テスト一般男子3000m03,一般テストクラブ1,一般,男子,3000m,9:22.02,,,,
1036,テスト一般男子3000m04,一般テストクラブ1,一般,男子,3000m,9:23.03,,,,
1037,テスト一般男子3000m05,一般テストクラブ1,一般,男子,3000m,9:24.04,,,,
1038,テスト一般男子3000m06,一般テストクラブ1,一般,男子,3000m,9:25.05,,,,
1039,テスト一般男子3000m07,一般テストクラブ1,一般,男子,3000m,9:26.06,,,,
1040,テスト一般男子3000m08,一般テストクラブ1,一般,男子,3000m,9:27.07,,,,
1041,テスト一般男子走り幅跳び01,一般テストクラブ1,一般,男子,走り幅跳び,7.00,,,,
1042,テスト一般男子走り幅跳び02,一般テストクラブ1,一般,男子,走り幅跳び,7.07,,,,
1043,テスト一般男子走り幅跳び03,一般テストクラブ1,一般,男子,走り幅跳び,7.14,,,,
1044,テスト一般男子走り幅跳び04,一般テストクラブ1,一般,男子,走り幅跳び,7.21,,,,
1045,テスト一般男子走り幅跳び05,一般テストクラブ1,一般,男子,走り幅跳び,7.28,,,,
1046,テスト一般男子走り幅跳び06,一般テストクラブ1,一般,男子,走り幅跳び,7.35,,,,
1047,テスト一般男子走り幅跳び07,一般テストクラブ1,一般,男子,走り幅跳び,7.42,,,,
1048,テスト一般男子走り幅跳び08,一般テストクラブ1,一般,男子,走り幅跳び,7.49,,,,
1049,テスト一般男子走高跳01,一般テストクラブ1,一般,男子,走高跳,7.40,,,,
1050,テスト一般男子走高跳02,一般テストクラブ1,一般,男子,走高跳,7.47,,,,
1051,テスト一般男子走高跳03,一般テストクラブ1,一般,男子,走高跳,7.54,,,,
1052,テスト一般男子走高跳04,一般テストクラブ1,一般,男子,走高跳,7.61,,,,
1053,テスト一般男子走高跳05,一般テストクラブ1,一般,男子,走高跳,7.68,,,,
1054,テスト一般男子走高跳06,一般テストクラブ1,一般,男子,走高跳,7.75,,,,
1055,テスト一般男子走高跳07,一般テストクラブ1,一般,男子,走高跳,7.82,,,,
1056,テスト一般男子走高跳08,一般テストクラブ1,一般,男子,走高跳,7.89,,,,
1057,テスト一般男子砲丸投01,一般テストクラブ1,一般,男子,砲丸投,7.80,,,,
1058,テスト一般男子砲丸投02,一般テストクラブ1,一般,男子,砲丸投,7.87,,,,
1059,テスト一般男子砲丸投03,一般テストクラブ1,一般,男子,砲丸投,7.94,,,,
1060,テスト一般男子砲丸投04,一般テストクラブ1,一般,男子,砲丸投,8.01,,,,
1061,テスト一般男子砲丸投05,一般テストクラブ1,一般,男子,砲丸投,8.08,,,,
1062,テスト一般男子砲丸投06,一般テストクラブ1,一般,男子,砲丸投,8.15,,,,
1063,テスト一般男子砲丸投07,一般テストクラブ1,一般,男子,砲丸投,8.22,,,,
1064,テスト一般男子砲丸投08,一般テストクラブ1,一般,男子,砲丸投,8.29,,,,
1041,テスト一般女子100m01,一般テストクラブ2,一般,女子,100m,11.00,,,,
1042,テスト一般女子100m02,一般テストクラブ2,一般,女子,100m,11.11,,,,
1043,テスト一般女子100m03,一般テストクラブ2,一般,女子,100m,11.22,,,,
1044,テスト一般女子100m04,一般テストクラブ2,一般,女子,100m,11.33,,,,
1045,テスト一般女子100m05,一般テストクラブ2,一般,女子,100m,11.44,,,,
1046,テスト一般女子100m06,一般テストクラブ2,一般,女子,100m,11.55,,,,
1047,テスト一般女子100m07,一般テストクラブ2,一般,女子,100m,11.66,,,,
1048,テスト一般女子100m08,一般テストクラブ2,一般,女子,100m,11.77,,,,
1049,テスト一般女子200m01,一般テストクラブ2,一般,女子,200m,11.80,,,,
1050,テスト一般女子200m02,一般テストクラブ2,一般,女子,200m,11.91,,,,
1051,テスト一般女子200m03,一般テストクラブ2,一般,女子,200m,12.02,,,,
1052,テスト一般女子200m04,一般テストクラブ2,一般,女子,200m,12.13,,,,
1053,テスト一般女子200m05,一般テストクラブ2,一般,女子,200m,12.24,,,,
1054,テスト一般女子200m06,一般テストクラブ2,一般,女子,200m,12.35,,,,
1055,テスト一般女子200m07,一般テストクラブ2,一般,女子,200m,12.46,,,,
1056,テスト一般女子200m08,一般テストクラブ2,一般,女子,200m,12.57,,,,
1057,テスト一般女子800m01,一般テストクラブ2,一般,女子,800m,2:05.00,,,,
1058,テスト一般女子800m02,一般テストクラブ2,一般,女子,800m,2:06.01,,,,
1059,テスト一般女子800m03,一般テストクラブ2,一般,女子,800m,2:07.02,,,,
1060,テスト一般女子800m04,一般テストクラブ2,一般,女子,800m,2:08.03,,,,
1061,テスト一般女子800m05,一般テストクラブ2,一般,女子,800m,2:09.04,,,,
1062,テスト一般女子800m06,一般テストクラブ2,一般,女子,800m,2:10.05,,,,
1063,テスト一般女子800m07,一般テストクラブ2,一般,女子,800m,2:11.06,,,,
1064,テスト一般女子800m08,一般テストクラブ2,一般,女子,800m,2:12.07,,,,
1065,テスト一般女子1500m01,一般テストクラブ2,一般,女子,1500m,4:10.00,,,,
1066,テスト一般女子1500m02,一般テストクラブ2,一般,女子,1500m,4:11.01,,,,
1067,テスト一般女子1500m03,一般テストクラブ2,一般,女子,1500m,4:12.02,,,,
1068,テスト一般女子1500m04,一般テストクラブ2,一般,女子,1500m,4:13.03,,,,
1069,テスト一般女子1500m05,一般テストクラブ2,一般,女子,1500m,4:14.04,,,,
1070,テスト一般女子1500m06,一般テストクラブ2,一般,女子,1500m,4:15.05,,,,
1071,テスト一般女子1500m07,一般テストクラブ2,一般,女子,1500m,4:16.06,,,,
1072,テスト一般女子1500m08,一般テストクラブ2,一般,女子,1500m,4:17.07,,,,
1073,テスト一般女子3000m01,一般テストクラブ2,一般,女子,3000m,9:20.00,,,,
1074,テスト一般女子3000m02,一般テストクラブ2,一般,女子,3000m,9:21.01,,,,
1075,テスト一般女子3000m03,一般テストクラブ2,一般,女子,3000m,9:22.02,,,,
1076,テスト一般女子3000m04,一般テストクラブ2,一般,女子,3000m,9:23.03,,,,
1077,テスト一般女子3000m05,一般テストクラブ2,一般,女子,3000m,9:24.04,,,,
1078,テスト一般女子3000m06,一般テストクラブ2,一般,女子,3000m,9:25.05,,,,
1079,テスト一般女子3000m07,一般テストクラブ2,一般,女子,3000m,9:26.06,,,,
1080,テスト一般女子3000m08,一般テストクラブ2,一般,女子,3000m,9:27.07,,,,
1081,テスト一般女子走り幅跳び01,一般テストクラブ2,一般,女子,走り幅跳び,7.00,,,,
1082,テスト一般女子走り幅跳び02,一般テストクラブ2,一般,女子,走り幅跳び,7.07,,,,
1083,テスト一般女子走り幅跳び03,一般テストクラブ2,一般,女子,走り幅跳び,7.14,,,,
1084,テスト一般女子走り幅跳び04,一般テストクラブ2,一般,女子,走り幅跳び,7.21,,,,
1085,テスト一般女子走り幅跳び05,一般テストクラブ2,一般,女子,走り幅跳び,7.28,,,,
1086,テスト一般女子走り幅跳び06,一般テストクラブ2,一般,女子,走り幅跳び,7.35,,,,
1087,テスト一般女子走り幅跳び07,一般テストクラブ2,一般,女子,走り幅跳び,7.42,,,,
1088,テスト一般女子走り幅跳び08,一般テストクラブ2,一般,女子,走り幅跳び,7.49,,,,
1089,テスト一般女子走高跳01,一般テストクラブ2,一般,女子,走高跳,7.40,,,,
1090,テスト一般女子走高跳02,一般テストクラブ2,一般,女子,走高跳,7.47,,,,
1091,テスト一般女子走高跳03,一般テストクラブ2,一般,女子,走高跳,7.54,,,,
1092,テスト一般女子走高跳04,一般テストクラブ2,一般,女子,走高跳,7.61,,,,
1093,テスト一般女子走高跳05,一般テストクラブ2,一般,女子,走高跳,7.68,,,,
1094,テスト一般女子走高跳06,一般テストクラブ2,一般,女子,走高跳,7.75,,,,
1095,テスト一般女子走高跳07,一般テストクラブ2,一般,女子,走高跳,7.82,,,,
1096,テスト一般女子走高跳08,一般テストクラブ2,一般,女子,走高跳,7.89,,,,
1097,テスト一般女子砲丸投01,一般テストクラブ2,一般,女子,砲丸投,7.80,,,,
1098,テスト一般女子砲丸投02,一般テストクラブ2,一般,女子,砲丸投,7.87,,,,
1099,テスト一般女子砲丸投03,一般テストクラブ2,一般,女子,砲丸投,7.94,,,,
1100,テスト一般女子砲丸投04,一般テストクラブ2,一般,女子,砲丸投,8.01,,,,
1101,テスト一般女子砲丸投05,一般テストクラブ2,一般,女子,砲丸投,8.08,,,,
1102,テスト一般女子砲丸投06,一般テストクラブ2,一般,女子,砲丸投,8.15,,,,
1103,テスト一般女子砲丸投07,一般テストクラブ2,一般,女子,砲丸投,8.22,,,,
1104,テスト一般女子砲丸投08,一般テストクラブ2,一般,女子,砲丸投,8.29,,,,
1101,テスト高校男子100m01,高校テストクラブ1,高校,男子,100m,11.00,,,,
1102,テスト高校男子100m02,高校テストクラブ1,高校,男子,100m,11.11,,,,
1103,テスト高校男子100m03,高校テストクラブ1,高校,男子,100m,11.22,,,,
1104,テスト高校男子100m04,高校テストクラブ1,高校,男子,100m,11.33,,,,
1105,テスト高校男子100m05,高校テストクラブ1,高校,男子,100m,11.44,,,,
1106,テスト高校男子100m06,高校テストクラブ1,高校,男子,100m,11.55,,,,
1107,テスト高校男子100m07,高校テストクラブ1,高校,男子,100m,11.66,,,,
1108,テスト高校男子100m08,高校テストクラブ1,高校,男子,100m,11.77,,,,
1109,テスト高校男子200m01,高校テストクラブ1,高校,男子,200m,11.80,,,,
1110,テスト高校男子200m02,高校テストクラブ1,高校,男子,200m,11.91,,,,
1111,テスト高校男子200m03,高校テストクラブ1,高校,男子,200m,12.02,,,,
1112,テスト高校男子200m04,高校テストクラブ1,高校,男子,200m,12.13,,,,
1113,テスト高校男子200m05,高校テストクラブ1,高校,男子,200m,12.24,,,,
1114,テスト高校男子200m06,高校テストクラブ1,高校,男子,200m,12.35,,,,
1115,テスト高校男子200m07,高校テストクラブ1,高校,男子,200m,12.46,,,,
1116,テスト高校男子200m08,高校テストクラブ1,高校,男子,200m,12.57,,,,
1117,テスト高校男子800m01,高校テストクラブ1,高校,男子,800m,2:05.00,,,,
1118,テスト高校男子800m02,高校テストクラブ1,高校,男子,800m,2:06.01,,,,
1119,テスト高校男子800m03,高校テストクラブ1,高校,男子,800m,2:07.02,,,,
1120,テスト高校男子800m04,高校テストクラブ1,高校,男子,800m,2:08.03,,,,
1121,テスト高校男子800m05,高校テストクラブ1,高校,男子,800m,2:09.04,,,,
1122,テスト高校男子800m06,高校テストクラブ1,高校,男子,800m,2:10.05,,,,
1123,テスト高校男子800m07,高校テストクラブ1,高校,男子,800m,2:11.06,,,,
1124,テスト高校男子800m08,高校テストクラブ1,高校,男子,800m,2:12.07,,,,
1125,テスト高校男子1500m01,高校テストクラブ1,高校,男子,1500m,4:10.00,,,,
1126,テスト高校男子1500m02,高校テストクラブ1,高校,男子,1500m,4:11.01,,,,
1127,テスト高校男子1500m03,高校テストクラブ1,高校,男子,1500m,4:12.02,,,,
1128,テスト高校男子1500m04,高校テストクラブ1,高校,男子,1500m,4:13.03,,,,
1129,テスト高校男子1500m05,高校テストクラブ1,高校,男子,1500m,4:14.04,,,,
1130,テスト高校男子1500m06,高校テストクラブ1,高校,男子,1500m,4:15.05,,,,
1131,テスト高校男子1500m07,高校テストクラブ1,高校,男子,1500m,4:16.06,,,,
1132,テスト高校男子1500m08,高校テストクラブ1,高校,男子,1500m,4:17.07,,,,
1133,テスト高校男子3000m01,高校テストクラブ1,高校,男子,3000m,9:20.00,,,,
1134,テスト高校男子3000m02,高校テストクラブ1,高校,男子,3000m,9:21.01,,,,
1135,テスト高校男子3000m03,高校テストクラブ1,高校,男子,3000m,9:22.02,,,,
1136,テスト高校男子3000m04,高校テストクラブ1,高校,男子,3000m,9:23.03,,,,
1137,テスト高校男子3000m05,高校テストクラブ1,高校,男子,3000m,9:24.04,,,,
1138,テスト高校男子3000m06,高校テストクラブ1,高校,男子,3000m,9:25.05,,,,
1139,テスト高校男子3000m07,高校テストクラブ1,高校,男子,3000m,9:26.06,,,,
1140,テスト高校男子3000m08,高校テストクラブ1,高校,男子,3000m,9:27.07,,,,
1141,テスト高校男子走り幅跳び01,高校テストクラブ1,高校,男子,走り幅跳び,7.00,,,,
1142,テスト高校男子走り幅跳び02,高校テストクラブ1,高校,男子,走り幅跳び,7.07,,,,
1143,テスト高校男子走り幅跳び03,高校テストクラブ1,高校,男子,走り幅跳び,7.14,,,,
1144,テスト高校男子走り幅跳び04,高校テストクラブ1,高校,男子,走り幅跳び,7.21,,,,
1145,テスト高校男子走り幅跳び05,高校テストクラブ1,高校,男子,走り幅跳び,7.28,,,,
1146,テスト高校男子走り幅跳び06,高校テストクラブ1,高校,男子,走り幅跳び,7.35,,,,
1147,テスト高校男子走り幅跳び07,高校テストクラブ1,高校,男子,走り幅跳び,7.42,,,,
1148,テスト高校男子走り幅跳び08,高校テストクラブ1,高校,男子,走り幅跳び,7.49,,,,
1149,テスト高校男子走高跳01,高校テストクラブ1,高校,男子,走高跳,7.40,,,,
1150,テスト高校男子走高跳02,高校テストクラブ1,高校,男子,走高跳,7.47,,,,
1151,テスト高校男子走高跳03,高校テストクラブ1,高校,男子,走高跳,7.54,,,,
1152,テスト高校男子走高跳04,高校テストクラブ1,高校,男子,走高跳,7.61,,,,
1153,テスト高校男子走高跳05,高校テストクラブ1,高校,男子,走高跳,7.68,,,,
1154,テスト高校男子走高跳06,高校テストクラブ1,高校,男子,走高跳,7.75,,,,
1155,テスト高校男子走高跳07,高校テストクラブ1,高校,男子,走高跳,7.82,,,,
1156,テスト高校男子走高跳08,高校テストクラブ1,高校,男子,走高跳,7.89,,,,
1157,テスト高校男子砲丸投01,高校テストクラブ1,高校,男子,砲丸投,7.80,,,,
1158,テスト高校男子砲丸投02,高校テストクラブ1,高校,男子,砲丸投,7.87,,,,
1159,テスト高校男子砲丸投03,高校テストクラブ1,高校,男子,砲丸投,7.94,,,,
1160,テスト高校男子砲丸投04,高校テストクラブ1,高校,男子,砲丸投,8.01,,,,
1161,テスト高校男子砲丸投05,高校テストクラブ1,高校,男子,砲丸投,8.08,,,,
1162,テスト高校男子砲丸投06,高校テストクラブ1,高校,男子,砲丸投,8.15,,,,
1163,テスト高校男子砲丸投07,高校テストクラブ1,高校,男子,砲丸投,8.22,,,,
1164,テスト高校男子砲丸投08,高校テストクラブ1,高校,男子,砲丸投,8.29,,,,
1141,テスト高校女子100m01,高校テストクラブ2,高校,女子,100m,11.00,,,,
1142,テスト高校女子100m02,高校テストクラブ2,高校,女子,100m,11.11,,,,
1143,テスト高校女子100m03,高校テストクラブ2,高校,女子,100m,11.22,,,,
1144,テスト高校女子100m04,高校テストクラブ2,高校,女子,100m,11.33,,,,
1145,テスト高校女子100m05,高校テストクラブ2,高校,女子,100m,11.44,,,,
1146,テスト高校女子100m06,高校テストクラブ2,高校,女子,100m,11.55,,,,
1147,テスト高校女子100m07,高校テストクラブ2,高校,女子,100m,11.66,,,,
1148,テスト高校女子100m08,高校テストクラブ2,高校,女子,100m,11.77,,,,
1149,テスト高校女子200m01,高校テストクラブ2,高校,女子,200m,11.80,,,,
1150,テスト高校女子200m02,高校テストクラブ2,高校,女子,200m,11.91,,,,
1151,テスト高校女子200m03,高校テストクラブ2,高校,女子,200m,12.02,,,,
1152,テスト高校女子200m04,高校テストクラブ2,高校,女子,200m,12.13,,,,
1153,テスト高校女子200m05,高校テストクラブ2,高校,女子,200m,12.24,,,,
1154,テスト高校女子200m06,高校テストクラブ2,高校,女子,200m,12.35,,,,
1155,テスト高校女子200m07,高校テストクラブ2,高校,女子,200m,12.46,,,,
1156,テスト高校女子200m08,高校テストクラブ2,高校,女子,200m,12.57,,,,
1157,テスト高校女子800m01,高校テストクラブ2,高校,女子,800m,2:05.00,,,,
1158,テスト高校女子800m02,高校テストクラブ2,高校,女子,800m,2:06.01,,,,
1159,テスト高校女子800m03,高校テストクラブ2,高校,女子,800m,2:07.02,,,,
1160,テスト高校女子800m04,高校テストクラブ2,高校,女子,800m,2:08.03,,,,
1161,テスト高校女子800m05,高校テストクラブ2,高校,女子,800m,2:09.04,,,,
1162,テスト高校女子800m06,高校テストクラブ2,高校,女子,800m,2:10.05,,,,
1163,テスト高校女子800m07,高校テストクラブ2,高校,女子,800m,2:11.06,,,,
1164,テスト高校女子800m08,高校テストクラブ2,高校,女子,800m,2:12.07,,,,
1165,テスト高校女子1500m01,高校テストクラブ2,高校,女子,1500m,4:10.00,,,,
1166,テスト高校女子1500m02,高校テストクラブ2,高校,女子,1500m,4:11.01,,,,
1167,テスト高校女子1500m03,高校テストクラブ2,高校,女子,1500m,4:12.02,,,,
1168,テスト高校女子1500m04,高校テストクラブ2,高校,女子,1500m,4:13.03,,,,
1169,テスト高校女子1500m05,高校テストクラブ2,高校,女子,1500m,4:14.04,,,,
1170,テスト高校女子1500m06,高校テストクラブ2,高校,女子,1500m,4:15.05,,,,
1171,テスト高校女子1500m07,高校テストクラブ2,高校,女子,1500m,4:16.06,,,,
1172,テスト高校女子1500m08,高校テストクラブ2,高校,女子,1500m,4:17.07,,,,
1173,テスト高校女子3000m01,高校テストクラブ2,高校,女子,3000m,9:20.00,,,,
1174,テスト高校女子3000m02,高校テストクラブ2,高校,女子,3000m,9:21.01,,,,
1175,テスト高校女子3000m03,高校テストクラブ2,高校,女子,3000m,9:22.02,,,,
1176,テスト高校女子3000m04,高校テストクラブ2,高校,女子,3000m,9:23.03,,,,
1177,テスト高校女子3000m05,高校テストクラブ2,高校,女子,3000m,9:24.04,,,,
1178,テスト高校女子3000m06,高校テストクラブ2,高校,女子,3000m,9:25.05,,,,
1179,テスト高校女子3000m07,高校テストクラブ2,高校,女子,3000m,9:26.06,,,,
1180,テスト高校女子3000m08,高校テストクラブ2,高校,女子,3000m,9:27.07,,,,
1181,テスト高校女子走り幅跳び01,高校テストクラブ2,高校,女子,走り幅跳び,7.00,,,,
1182,テスト高校女子走り幅跳び02,高校テストクラブ2,高校,女子,走り幅跳び,7.07,,,,
1183,テスト高校女子走り幅跳び03,高校テストクラブ2,高校,女子,走り幅跳び,7.14,,,,
1184,テスト高校女子走り幅跳び04,高校テストクラブ2,高校,女子,走り幅跳び,7.21,,,,
1185,テスト高校女子走り幅跳び05,高校テストクラブ2,高校,女子,走り幅跳び,7.28,,,,
1186,テスト高校女子走り幅跳び06,高校テストクラブ2,高校,女子,走り幅跳び,7.35,,,,
1187,テスト高校女子走り幅跳び07,高校テストクラブ2,高校,女子,走り幅跳び,7.42,,,,
1188,テスト高校女子走り幅跳び08,高校テストクラブ2,高校,女子,走り幅跳び,7.49,,,,
1189,テスト高校女子走高跳01,高校テストクラブ2,高校,女子,走高跳,7.40,,,,
1190,テスト高校女子走高跳02,高校テストクラブ2,高校,女子,走高跳,7.47,,,,
1191,テスト高校女子走高跳03,高校テストクラブ2,高校,女子,走高跳,7.54,,,,
1192,テスト高校女子走高跳04,高校テストクラブ2,高校,女子,走高跳,7.61,,,,
1193,テスト高校女子走高跳05,高校テストクラブ2,高校,女子,走高跳,7.68,,,,
1194,テスト高校女子走高跳06,高校テストクラブ2,高校,女子,走高跳,7.75,,,,
1195,テスト高校女子走高跳07,高校テストクラブ2,高校,女子,走高跳,7.82,,,,
1196,テスト高校女子走高跳08,高校テストクラブ2,高校,女子,走高跳,7.89,,,,
1197,テスト高校女子砲丸投01,高校テストクラブ2,高校,女子,砲丸投,7.80,,,,
1198,テスト高校女子砲丸投02,高校テストクラブ2,高校,女子,砲丸投,7.87,,,,
1199,テスト高校女子砲丸投03,高校テストクラブ2,高校,女子,砲丸投,7.94,,,,
1200,テスト高校女子砲丸投04,高校テストクラブ2,高校,女子,砲丸投,8.01,,,,
1201,テスト高校女子砲丸投05,高校テストクラブ2,高校,女子,砲丸投,8.08,,,,
1202,テスト高校女子砲丸投06,高校テストクラブ2,高校,女子,砲丸投,8.15,,,,
1203,テスト高校女子砲丸投07,高校テストクラブ2,高校,女子,砲丸投,8.22,,,,
1204,テスト高校女子砲丸投08,高校テストクラブ2,高校,女子,砲丸投,8.29,,,,
1201,テスト中学男子100m01,中学テストクラブ1,中学,男子,100m,11.00,,,,
1202,テスト中学男子100m02,中学テストクラブ1,中学,男子,100m,11.11,,,,
1203,テスト中学男子100m03,中学テストクラブ1,中学,男子,100m,11.22,,,,
1204,テスト中学男子100m04,中学テストクラブ1,中学,男子,100m,11.33,,,,
1205,テスト中学男子100m05,中学テストクラブ1,中学,男子,100m,11.44,,,,
1206,テスト中学男子100m06,中学テストクラブ1,中学,男子,100m,11.55,,,,
1207,テスト中学男子100m07,中学テストクラブ1,中学,男子,100m,11.66,,,,
1208,テスト中学男子100m08,中学テストクラブ1,中学,男子,100m,11.77,,,,
1209,テスト中学男子200m01,中学テストクラブ1,中学,男子,200m,11.80,,,,
1210,テスト中学男子200m02,中学テストクラブ1,中学,男子,200m,11.91,,,,
1211,テスト中学男子200m03,中学テストクラブ1,中学,男子,200m,12.02,,,,
1212,テスト中学男子200m04,中学テストクラブ1,中学,男子,200m,12.13,,,,
1213,テスト中学男子200m05,中学テストクラブ1,中学,男子,200m,12.24,,,,
1214,テスト中学男子200m06,中学テストクラブ1,中学,男子,200m,12.35,,,,
1215,テスト中学男子200m07,中学テストクラブ1,中学,男子,200m,12.46,,,,
1216,テスト中学男子200m08,中学テストクラブ1,中学,男子,200m,12.57,,,,
1217,テスト中学男子800m01,中学テストクラブ1,中学,男子,800m,2:05.00,,,,
1218,テスト中学男子800m02,中学テストクラブ1,中学,男子,800m,2:06.01,,,,
1219,テスト中学男子800m03,中学テストクラブ1,中学,男子,800m,2:07.02,,,,
1220,テスト中学男子800m04,中学テストクラブ1,中学,男子,800m,2:08.03,,,,
1221,テスト中学男子800m05,中学テストクラブ1,中学,男子,800m,2:09.04,,,,
1222,テスト中学男子800m06,中学テストクラブ1,中学,男子,800m,2:10.05,,,,
1223,テスト中学男子800m07,中学テストクラブ1,中学,男子,800m,2:11.06,,,,
1224,テスト中学男子800m08,中学テストクラブ1,中学,男子,800m,2:12.07,,,,
1225,テスト中学男子1500m01,中学テストクラブ1,中学,男子,1500m,4:10.00,,,,
1226,テスト中学男子1500m02,中学テストクラブ1,中学,男子,1500m,4:11.01,,,,
1227,テスト中学男子1500m03,中学テストクラブ1,中学,男子,1500m,4:12.02,,,,
1228,テスト中学男子1500m04,中学テストクラブ1,中学,男子,1500m,4:13.03,,,,
1229,テスト中学男子1500m05,中学テストクラブ1,中学,男子,1500m,4:14.04,,,,
1230,テスト中学男子1500m06,中学テストクラブ1,中学,男子,1500m,4:15.05,,,,
1231,テスト中学男子1500m07,中学テストクラブ1,中学,男子,1500m,4:16.06,,,,
1232,テスト中学男子1500m08,中学テストクラブ1,中学,男子,1500m,4:17.07,,,,
1233,テスト中学男子3000m01,中学テストクラブ1,中学,男子,3000m,9:20.00,,,,
1234,テスト中学男子3000m02,中学テストクラブ1,中学,男子,3000m,9:21.01,,,,
1235,テスト中学男子3000m03,中学テストクラブ1,中学,男子,3000m,9:22.02,,,,
1236,テスト中学男子3000m04,中学テストクラブ1,中学,男子,3000m,9:23.03,,,,
1237,テスト中学男子3000m05,中学テストクラブ1,中学,男子,3000m,9:24.04,,,,
1238,テスト中学男子3000m06,中学テストクラブ1,中学,男子,3000m,9:25.05,,,,
1239,テスト中学男子3000m07,中学テストクラブ1,中学,男子,3000m,9:26.06,,,,
1240,テスト中学男子3000m08,中学テストクラブ1,中学,男子,3000m,9:27.07,,,,
1241,テスト中学男子走り幅跳び01,中学テストクラブ1,中学,男子,走り幅跳び,7.00,,,,
1242,テスト中学男子走り幅跳び02,中学テストクラブ1,中学,男子,走り幅跳び,7.07,,,,
1243,テスト中学男子走り幅跳び03,中学テストクラブ1,中学,男子,走り幅跳び,7.14,,,,
1244,テスト中学男子走り幅跳び04,中学テストクラブ1,中学,男子,走り幅跳び,7.21,,,,
1245,テスト中学男子走り幅跳び05,中学テストクラブ1,中学,男子,走り幅跳び,7.28,,,,
1246,テスト中学男子走り幅跳び06,中学テストクラブ1,中学,男子,走り幅跳び,7.35,,,,
1247,テスト中学男子走り幅跳び07,中学テストクラブ1,中学,男子,走り幅跳び,7.42,,,,
1248,テスト中学男子走り幅跳び08,中学テストクラブ1,中学,男子,走り幅跳び,7.49,,,,
1249,テスト中学男子走高跳01,中学テストクラブ1,中学,男子,走高跳,7.40,,,,
1250,テスト中学男子走高跳02,中学テストクラブ1,中学,男子,走高跳,7.47,,,,
1251,テスト中学男子走高跳03,中学テストクラブ1,中学,男子,走高跳,7.54,,,,
1252,テスト中学男子走高跳04,中学テストクラブ1,中学,男子,走高跳,7.61,,,,
1253,テスト中学男子走高跳05,中学テストクラブ1,中学,男子,走高跳,7.68,,,,
1254,テスト中学男子走高跳06,中学テストクラブ1,中学,男子,走高跳,7.75,,,,
1255,テスト中学男子走高跳07,中学テストクラブ1,中学,男子,走高跳,7.82,,,,
1256,テスト中学男子走高跳08,中学テストクラブ1,中学,男子,走高跳,7.89,,,,
1257,テスト中学男子砲丸投01,中学テストクラブ1,中学,男子,砲丸投,7.80,,,,
1258,テスト中学男子砲丸投02,中学テストクラブ1,中学,男子,砲丸投,7.87,,,,
1259,テスト中学男子砲丸投03,中学テストクラブ1,中学,男子,砲丸投,7.94,,,,
1260,テスト中学男子砲丸投04,中学テストクラブ1,中学,男子,砲丸投,8.01,,,,
1261,テスト中学男子砲丸投05,中学テストクラブ1,中学,男子,砲丸投,8.08,,,,
1262,テスト中学男子砲丸投06,中学テストクラブ1,中学,男子,砲丸投,8.15,,,,
1263,テスト中学男子砲丸投07,中学テストクラブ1,中学,男子,砲丸投,8.22,,,,
1264,テスト中学男子砲丸投08,中学テストクラブ1,中学,男子,砲丸投,8.29,,,,
1241,テスト中学女子100m01,中学テストクラブ2,中学,女子,100m,11.00,,,,
1242,テスト中学女子100m02,中学テストクラブ2,中学,女子,100m,11.11,,,,
1243,テスト中学女子100m03,中学テストクラブ2,中学,女子,100m,11.22,,,,
1244,テスト中学女子100m04,中学テストクラブ2,中学,女子,100m,11.33,,,,
1245,テスト中学女子100m05,中学テストクラブ2,中学,女子,100m,11.44,,,,
1246,テスト中学女子100m06,中学テストクラブ2,中学,女子,100m,11.55,,,,
1247,テスト中学女子100m07,中学テストクラブ2,中学,女子,100m,11.66,,,,
1248,テスト中学女子100m08,中学テストクラブ2,中学,女子,100m,11.77,,,,
1249,テスト中学女子200m01,中学テストクラブ2,中学,女子,200m,11.80,,,,
1250,テスト中学女子200m02,中学テストクラブ2,中学,女子,200m,11.91,,,,
1251,テスト中学女子200m03,中学テストクラブ2,中学,女子,200m,12.02,,,,
1252,テスト中学女子200m04,中学テストクラブ2,中学,女子,200m,12.13,,,,
1253,テスト中学女子200m05,中学テストクラブ2,中学,女子,200m,12.24,,,,
1254,テスト中学女子200m06,中学テストクラブ2,中学,女子,200m,12.35,,,,
1255,テスト中学女子200m07,中学テストクラブ2,中学,女子,200m,12.46,,,,
1256,テスト中学女子200m08,中学テストクラブ2,中学,女子,200m,12.57,,,,
1257,テスト中学女子800m01,中学テストクラブ2,中学,女子,800m,2:05.00,,,,
1258,テスト中学女子800m02,中学テストクラブ2,中学,女子,800m,2:06.01,,,,
1259,テスト中学女子800m03,中学テストクラブ2,中学,女子,800m,2:07.02,,,,
1260,テスト中学女子800m04,中学テストクラブ2,中学,女子,800m,2:08.03,,,,
1261,テスト中学女子800m05,中学テストクラブ2,中学,女子,800m,2:09.04,,,,
1262,テスト中学女子800m06,中学テストクラブ2,中学,女子,800m,2:10.05,,,,
1263,テスト中学女子800m07,中学テストクラブ2,中学,女子,800m,2:11.06,,,,
1264,テスト中学女子800m08,中学テストクラブ2,中学,女子,800m,2:12.07,,,,
1265,テスト中学女子1500m01,中学テストクラブ2,中学,女子,1500m,4:10.00,,,,
1266,テスト中学女子1500m02,中学テストクラブ2,中学,女子,1500m,4:11.01,,,,
1267,テスト中学女子1500m03,中学テストクラブ2,中学,女子,1500m,4:12.02,,,,
1268,テスト中学女子1500m04,中学テストクラブ2,中学,女子,1500m,4:13.03,,,,
1269,テスト中学女子1500m05,中学テストクラブ2,中学,女子,1500m,4:14.04,,,,
1270,テスト中学女子1500m06,中学テストクラブ2,中学,女子,1500m,4:15.05,,,,
1271,テスト中学女子1500m07,中学テストクラブ2,中学,女子,1500m,4:16.06,,,,
1272,テスト中学女子1500m08,中学テストクラブ2,中学,女子,1500m,4:17.07,,,,
1273,テスト中学女子3000m01,中学テストクラブ2,中学,女子,3000m,9:20.00,,,,
1274,テスト中学女子3000m02,中学テストクラブ2,中学,女子,3000m,9:21.01,,,,
1275,テスト中学女子3000m03,中学テストクラブ2,中学,女子,3000m,9:22.02,,,,
1276,テスト中学女子3000m04,中学テストクラブ2,中学,女子,3000m,9:23.03,,,,
1277,テスト中学女子3000m05,中学テストクラブ2,中学,女子,3000m,9:24.04,,,,
1278,テスト中学女子3000m06,中学テストクラブ2,中学,女子,3000m,9:25.05,,,,
1279,テスト中学女子3000m07,中学テストクラブ2,中学,女子,3000m,9:26.06,,,,
1280,テスト中学女子3000m08,中学テストクラブ2,中学,女子,3000m,9:27.07,,,,
1281,テスト中学女子走り幅跳び01,中学テストクラブ2,中学,女子,走り幅跳び,7.00,,,,
1282,テスト中学女子走り幅跳び02,中学テストクラブ2,中学,女子,走り幅跳び,7.07,,,,
1283,テスト中学女子走り幅跳び03,中学テストクラブ2,中学,女子,走り幅跳び,7.14,,,,
1284,テスト中学女子走り幅跳び04,中学テストクラブ2,中学,女子,走り幅跳び,7.21,,,,
1285,テスト中学女子走り幅跳び05,中学テストクラブ2,中学,女子,走り幅跳び,7.28,,,,
1286,テスト中学女子走り幅跳び06,中学テストクラブ2,中学,女子,走り幅跳び,7.35,,,,
1287,テスト中学女子走り幅跳び07,中学テストクラブ2,中学,女子,走り幅跳び,7.42,,,,
1288,テスト中学女子走り幅跳び08,中学テストクラブ2,中学,女子,走り幅跳び,7.49,,,,
1289,テスト中学女子走高跳01,中学テストクラブ2,中学,女子,走高跳,7.40,,,,
1290,テスト中学女子走高跳02,中学テストクラブ2,中学,女子,走高跳,7.47,,,,
1291,テスト中学女子走高跳03,中学テストクラブ2,中学,女子,走高跳,7.54,,,,
1292,テスト中学女子走高跳04,中学テストクラブ2,中学,女子,走高跳,7.61,,,,
1293,テスト中学女子走高跳05,中学テストクラブ2,中学,女子,走高跳,7.68,,,,
1294,テスト中学女子走高跳06,中学テストクラブ2,中学,女子,走高跳,7.75,,,,
1295,テスト中学女子走高跳07,中学テストクラブ2,中学,女子,走高跳,7.82,,,,
1296,テスト中学女子走高跳08,中学テストクラブ2,中学,女子,走高跳,7.89,,,,
1297,テスト中学女子砲丸投01,中学テストクラブ2,中学,女子,砲丸投,7.80,,,,
1298,テスト中学女子砲丸投02,中学テストクラブ2,中学,女子,砲丸投,7.87,,,,
1299,テスト中学女子砲丸投03,中学テストクラブ2,中学,女子,砲丸投,7.94,,,,
1300,テスト中学女子砲丸投04,中学テストクラブ2,中学,女子,砲丸投,8.01,,,,
1301,テスト中学女子砲丸投05,中学テストクラブ2,中学,女子,砲丸投,8.08,,,,
1302,テスト中学女子砲丸投06,中学テストクラブ2,中学,女子,砲丸投,8.15,,,,
1303,テスト中学女子砲丸投07,中学テストクラブ2,中学,女子,砲丸投,8.22,,,,
1304,テスト中学女子砲丸投08,中学テストクラブ2,中学,女子,砲丸投,8.29,,,,
1301,テスト小学男子100m01,小学テストクラブ1,小学,男子,100m,11.00,,,,
1302,テスト小学男子100m02,小学テストクラブ1,小学,男子,100m,11.11,,,,
1303,テスト小学男子100m03,小学テストクラブ1,小学,男子,100m,11.22,,,,
1304,テスト小学男子100m04,小学テストクラブ1,小学,男子,100m,11.33,,,,
1305,テスト小学男子100m05,小学テストクラブ1,小学,男子,100m,11.44,,,,
1306,テスト小学男子100m06,小学テストクラブ1,小学,男子,100m,11.55,,,,
1307,テスト小学男子100m07,小学テストクラブ1,小学,男子,100m,11.66,,,,
1308,テスト小学男子100m08,小学テストクラブ1,小学,男子,100m,11.77,,,,
1309,テスト小学男子200m01,小学テストクラブ1,小学,男子,200m,11.80,,,,
1310,テスト小学男子200m02,小学テストクラブ1,小学,男子,200m,11.91,,,,
1311,テスト小学男子200m03,小学テストクラブ1,小学,男子,200m,12.02,,,,
1312,テスト小学男子200m04,小学テストクラブ1,小学,男子,200m,12.13,,,,
1313,テスト小学男子200m05,小学テストクラブ1,小学,男子,200m,12.24,,,,
1314,テスト小学男子200m06,小学テストクラブ1,小学,男子,200m,12.35,,,,
1315,テスト小学男子200m07,小学テストクラブ1,小学,男子,200m,12.46,,,,
1316,テスト小学男子200m08,小学テストクラブ1,小学,男子,200m,12.57,,,,
1317,テスト小学男子800m01,小学テストクラブ1,小学,男子,800m,2:05.00,,,,
1318,テスト小学男子800m02,小学テストクラブ1,小学,男子,800m,2:06.01,,,,
1319,テスト小学男子800m03,小学テストクラブ1,小学,男子,800m,2:07.02,,,,
1320,テスト小学男子800m04,小学テストクラブ1,小学,男子,800m,2:08.03,,,,
1321,テスト小学男子800m05,小学テストクラブ1,小学,男子,800m,2:09.04,,,,
1322,テスト小学男子800m06,小学テストクラブ1,小学,男子,800m,2:10.05,,,,
1323,テスト小学男子800m07,小学テストクラブ1,小学,男子,800m,2:11.06,,,,
1324,テスト小学男子800m08,小学テストクラブ1,小学,男子,800m,2:12.07,,,,
1325,テスト小学男子1500m01,小学テストクラブ1,小学,男子,1500m,4:10.00,,,,
1326,テスト小学男子1500m02,小学テストクラブ1,小学,男子,1500m,4:11.01,,,,
1327,テスト小学男子1500m03,小学テストクラブ1,小学,男子,1500m,4:12.02,,,,
1328,テスト小学男子1500m04,小学テストクラブ1,小学,男子,1500m,4:13.03,,,,
1329,テスト小学男子1500m05,小学テストクラブ1,小学,男子,1500m,4:14.04,,,,
1330,テスト小学男子1500m06,小学テストクラブ1,小学,男子,1500m,4:15.05,,,,
1331,テスト小学男子1500m07,小学テストクラブ1,小学,男子,1500m,4:16.06,,,,
1332,テスト小学男子1500m08,小学テストクラブ1,小学,男子,1500m,4:17.07,,,,
1333,テスト小学男子3000m01,小学テストクラブ1,小学,男子,3000m,9:20.00,,,,
1334,テスト小学男子3000m02,小学テストクラブ1,小学,男子,3000m,9:21.01,,,,
1335,テスト小学男子3000m03,小学テストクラブ1,小学,男子,3000m,9:22.02,,,,
1336,テスト小学男子3000m04,小学テストクラブ1,小学,男子,3000m,9:23.03,,,,
1337,テスト小学男子3000m05,小学テストクラブ1,小学,男子,3000m,9:24.04,,,,
1338,テスト小学男子3000m06,小学テストクラブ1,小学,男子,3000m,9:25.05,,,,
1339,テスト小学男子3000m07,小学テストクラブ1,小学,男子,3000m,9:26.06,,,,
1340,テスト小学男子3000m08,小学テストクラブ1,小学,男子,3000m,9:27.07,,,,
1341,テスト小学男子走り幅跳び01,小学テストクラブ1,小学,男子,走り幅跳び,7.00,,,,
1342,テスト小学男子走り幅跳び02,小学テストクラブ1,小学,男子,走り幅跳び,7.07,,,,
1343,テスト小学男子走り幅跳び03,小学テストクラブ1,小学,男子,走り幅跳び,7.14,,,,
1344,テスト小学男子走り幅跳び04,小学テストクラブ1,小学,男子,走り幅跳び,7.21,,,,
1345,テスト小学男子走り幅跳び05,小学テストクラブ1,小学,男子,走り幅跳び,7.28,,,,
1346,テスト小学男子走り幅跳び06,小学テストクラブ1,小学,男子,走り幅跳び,7.35,,,,
1347,テスト小学男子走り幅跳び07,小学テストクラブ1,小学,男子,走り幅跳び,7.42,,,,
1348,テスト小学男子走り幅跳び08,小学テストクラブ1,小学,男子,走り幅跳び,7.49,,,,
1349,テスト小学男子走高跳01,小学テストクラブ1,小学,男子,走高跳,7.40,,,,
1350,テスト小学男子走高跳02,小学テストクラブ1,小学,男子,走高跳,7.47,,,,
1351,テスト小学男子走高跳03,小学テストクラブ1,小学,男子,走高跳,7.54,,,,
1352,テスト小学男子走高跳04,小学テストクラブ1,小学,男子,走高跳,7.61,,,,
1353,テスト小学男子走高跳05,小学テストクラブ1,小学,男子,走高跳,7.68,,,,
1354,テスト小学男子走高跳06,小学テストクラブ1,小学,男子,走高跳,7.75,,,,
1355,テスト小学男子走高跳07,小学テストクラブ1,小学,男子,走高跳,7.82,,,,
1356,テスト小学男子走高跳08,小学テストクラブ1,小学,男子,走高跳,7.89,,,,
1357,テスト小学男子砲丸投01,小学テストクラブ1,小学,男子,砲丸投,7.80,,,,
1358,テスト小学男子砲丸投02,小学テストクラブ1,小学,男子,砲丸投,7.87,,,,
1359,テスト小学男子砲丸投03,小学テストクラブ1,小学,男子,砲丸投,7.94,,,,
1360,テスト小学男子砲丸投04,小学テストクラブ1,小学,男子,砲丸投,8.01,,,,
1361,テスト小学男子砲丸投05,小学テストクラブ1,小学,男子,砲丸投,8.08,,,,
1362,テスト小学男子砲丸投06,小学テストクラブ1,小学,男子,砲丸投,8.15,,,,
1363,テスト小学男子砲丸投07,小学テストクラブ1,小学,男子,砲丸投,8.22,,,,
1364,テスト小学男子砲丸投08,小学テストクラブ1,小学,男子,砲丸投,8.29,,,,
1341,テスト小学女子100m01,小学テストクラブ2,小学,女子,100m,11.00,,,,
1342,テスト小学女子100m02,小学テストクラブ2,小学,女子,100m,11.11,,,,
1343,テスト小学女子100m03,小学テストクラブ2,小学,女子,100m,11.22,,,,
1344,テスト小学女子100m04,小学テストクラブ2,小学,女子,100m,11.33,,,,
1345,テスト小学女子100m05,小学テストクラブ2,小学,女子,100m,11.44,,,,
1346,テスト小学女子100m06,小学テストクラブ2,小学,女子,100m,11.55,,,,
1347,テスト小学女子100m07,小学テストクラブ2,小学,女子,100m,11.66,,,,
1348,テスト小学女子100m08,小学テストクラブ2,小学,女子,100m,11.77,,,,
1349,テスト小学女子200m01,小学テストクラブ2,小学,女子,200m,11.80,,,,
1350,テスト小学女子200m02,小学テストクラブ2,小学,女子,200m,11.91,,,,
1351,テスト小学女子200m03,小学テストクラブ2,小学,女子,200m,12.02,,,,
1352,テスト小学女子200m04,小学テストクラブ2,小学,女子,200m,12.13,,,,
1353,テスト小学女子200m05,小学テストクラブ2,小学,女子,200m,12.24,,,,
1354,テスト小学女子200m06,小学テストクラブ2,小学,女子,200m,12.35,,,,
1355,テスト小学女子200m07,小学テストクラブ2,小学,女子,200m,12.46,,,,
1356,テスト小学女子200m08,小学テストクラブ2,小学,女子,200m,12.57,,,,
1357,テスト小学女子800m01,小学テストクラブ2,小学,女子,800m,2:05.00,,,,
1358,テスト小学女子800m02,小学テストクラブ2,小学,女子,800m,2:06.01,,,,
1359,テスト小学女子800m03,小学テストクラブ2,小学,女子,800m,2:07.02,,,,
1360,テスト小学女子800m04,小学テストクラブ2,小学,女子,800m,2:08.03,,,,
1361,テスト小学女子800m05,小学テストクラブ2,小学,女子,800m,2:09.04,,,,
1362,テスト小学女子800m06,小学テストクラブ2,小学,女子,800m,2:10.05,,,,
1363,テスト小学女子800m07,小学テストクラブ2,小学,女子,800m,2:11.06,,,,
1364,テスト小学女子800m08,小学テストクラブ2,小学,女子,800m,2:12.07,,,,
1365,テスト小学女子1500m01,小学テストクラブ2,小学,女子,1500m,4:10.00,,,,
1366,テスト小学女子1500m02,小学テストクラブ2,小学,女子,1500m,4:11.01,,,,
1367,テスト小学女子1500m03,小学テストクラブ2,小学,女子,1500m,4:12.02,,,,
1368,テスト小学女子1500m04,小学テストクラブ2,小学,女子,1500m,4:13.03,,,,
1369,テスト小学女子1500m05,小学テストクラブ2,小学,女子,1500m,4:14.04,,,,
1370,テスト小学女子1500m06,小学テストクラブ2,小学,女子,1500m,4:15.05,,,,
1371,テスト小学女子1500m07,小学テストクラブ2,小学,女子,1500m,4:16.06,,,,
1372,テスト小学女子1500m08,小学テストクラブ2,小学,女子,1500m,4:17.07,,,,
1373,テスト小学女子3000m01,小学テストクラブ2,小学,女子,3000m,9:20.00,,,,
1374,テスト小学女子3000m02,小学テストクラブ2,小学,女子,3000m,9:21.01,,,,
1375,テスト小学女子3000m03,小学テストクラブ2,小学,女子,3000m,9:22.02,,,,
1376,テスト小学女子3000m04,小学テストクラブ2,小学,女子,3000m,9:23.03,,,,
1377,テスト小学女子3000m05,小学テストクラブ2,小学,女子,3000m,9:24.04,,,,
1378,テスト小学女子3000m06,小学テストクラブ2,小学,女子,3000m,9:25.05,,,,
1379,テスト小学女子3000m07,小学テストクラブ2,小学,女子,3000m,9:26.06,,,,
1380,テスト小学女子3000m08,小学テストクラブ2,小学,女子,3000m,9:27.07,,,,
1381,テスト小学女子走り幅跳び01,小学テストクラブ2,小学,女子,走り幅跳び,7.00,,,,
1382,テスト小学女子走り幅跳び02,小学テストクラブ2,小学,女子,走り幅跳び,7.07,,,,
1383,テスト小学女子走り幅跳び03,小学テストクラブ2,小学,女子,走り幅跳び,7.14,,,,
1384,テスト小学女子走り幅跳び04,小学テストクラブ2,小学,女子,走り幅跳び,7.21,,,,
1385,テスト小学女子走り幅跳び05,小学テストクラブ2,小学,女子,走り幅跳び,7.28,,,,
1386,テスト小学女子走り幅跳び06,小学テストクラブ2,小学,女子,走り幅跳び,7.35,,,,
1387,テスト小学女子走り幅跳び07,小学テストクラブ2,小学,女子,走り幅跳び,7.42,,,,
1388,テスト小学女子走り幅跳び08,小学テストクラブ2,小学,女子,走り幅跳び,7.49,,,,
1389,テスト小学女子走高跳01,小学テストクラブ2,小学,女子,走高跳,7.40,,,,
1390,テスト小学女子走高跳02,小学テストクラブ2,小学,女子,走高跳,7.47,,,,
1391,テスト小学女子走高跳03,小学テストクラブ2,小学,女子,走高跳,7.54,,,,
1392,テスト小学女子走高跳04,小学テストクラブ2,小学,女子,走高跳,7.61,,,,
1393,テスト小学女子走高跳05,小学テストクラブ2,小学,女子,走高跳,7.68,,,,
1394,テスト小学女子走高跳06,小学テストクラブ2,小学,女子,走高跳,7.75,,,,
1395,テスト小学女子走高跳07,小学テストクラブ2,小学,女子,走高跳,7.82,,,,
1396,テスト小学女子走高跳08,小学テストクラブ2,小学,女子,走高跳,7.89,,,,
1397,テスト小学女子砲丸投01,小学テストクラブ2,小学,女子,砲丸投,7.80,,,,
1398,テスト小学女子砲丸投02,小学テストクラブ2,小学,女子,砲丸投,7.87,,,,
1399,テスト小学女子砲丸投03,小学テストクラブ2,小学,女子,砲丸投,7.94,,,,
1400,テスト小学女子砲丸投04,小学テストクラブ2,小学,女子,砲丸投,8.01,,,,
1401,テスト小学女子砲丸投05,小学テストクラブ2,小学,女子,砲丸投,8.08,,,,
1402,テスト小学女子砲丸投06,小学テストクラブ2,小学,女子,砲丸投,8.15,,,,
1403,テスト小学女子砲丸投07,小学テストクラブ2,小学,女子,砲丸投,8.22,,,,
1404,テスト小学女子砲丸投08,小学テストクラブ2,小学,女子,砲丸投,8.29,,,,
1401,テスト壮年男子100m01,壮年テストクラブ1,壮年,男子,100m,11.00,,,,
1402,テスト壮年男子100m02,壮年テストクラブ1,壮年,男子,100m,11.11,,,,
1403,テスト壮年男子100m03,壮年テストクラブ1,壮年,男子,100m,11.22,,,,
1404,テスト壮年男子100m04,壮年テストクラブ1,壮年,男子,100m,11.33,,,,
1405,テスト壮年男子100m05,壮年テストクラブ1,壮年,男子,100m,11.44,,,,
1406,テスト壮年男子100m06,壮年テストクラブ1,壮年,男子,100m,11.55,,,,
1407,テスト壮年男子100m07,壮年テストクラブ1,壮年,男子,100m,11.66,,,,
1408,テスト壮年男子100m08,壮年テストクラブ1,壮年,男子,100m,11.77,,,,
1409,テスト壮年男子200m01,壮年テストクラブ1,壮年,男子,200m,11.80,,,,
1410,テスト壮年男子200m02,壮年テストクラブ1,壮年,男子,200m,11.91,,,,
1411,テスト壮年男子200m03,壮年テストクラブ1,壮年,男子,200m,12.02,,,,
1412,テスト壮年男子200m04,壮年テストクラブ1,壮年,男子,200m,12.13,,,,
1413,テスト壮年男子200m05,壮年テストクラブ1,壮年,男子,200m,12.24,,,,
1414,テスト壮年男子200m06,壮年テストクラブ1,壮年,男子,200m,12.35,,,,
1415,テスト壮年男子200m07,壮年テストクラブ1,壮年,男子,200m,12.46,,,,
1416,テスト壮年男子200m08,壮年テストクラブ1,壮年,男子,200m,12.57,,,,
1417,テスト壮年男子800m01,壮年テストクラブ1,壮年,男子,800m,2:05.00,,,,
1418,テスト壮年男子800m02,壮年テストクラブ1,壮年,男子,800m,2:06.01,,,,
1419,テスト壮年男子800m03,壮年テストクラブ1,壮年,男子,800m,2:07.02,,,,
1420,テスト壮年男子800m04,壮年テストクラブ1,壮年,男子,800m,2:08.03,,,,
1421,テスト壮年男子800m05,壮年テストクラブ1,壮年,男子,800m,2:09.04,,,,
1422,テスト壮年男子800m06,壮年テストクラブ1,壮年,男子,800m,2:10.05,,,,
1423,テスト壮年男子800m07,壮年テストクラブ1,壮年,男子,800m,2:11.06,,,,
1424,テスト壮年男子800m08,壮年テストクラブ1,壮年,男子,800m,2:12.07,,,,
1425,テスト壮年男子1500m01,壮年テストクラブ1,壮年,男子,1500m,4:10.00,,,,
1426,テスト壮年男子1500m02,壮年テストクラブ1,壮年,男子,1500m,4:11.01,,,,
1427,テスト壮年男子1500m03,壮年テストクラブ1,壮年,男子,1500m,4:12.02,,,,
1428,テスト壮年男子1500m04,壮年テストクラブ1,壮年,男子,1500m,4:13.03,,,,
1429,テスト壮年男子1500m05,壮年テストクラブ1,壮年,男子,1500m,4:14.04,,,,
1430,テスト壮年男子1500m06,壮年テストクラブ1,壮年,男子,1500m,4:15.05,,,,
1431,テスト壮年男子1500m07,壮年テストクラブ1,壮年,男子,1500m,4:16.06,,,,
1432,テスト壮年男子1500m08,壮年テストクラブ1,壮年,男子,1500m,4:17.07,,,,
1433,テスト壮年男子3000m01,壮年テストクラブ1,壮年,男子,3000m,9:20.00,,,,
1434,テスト壮年男子3000m02,壮年テストクラブ1,壮年,男子,3000m,9:21.01,,,,
1435,テスト壮年男子3000m03,壮年テストクラブ1,壮年,男子,3000m,9:22.02,,,,
1436,テスト壮年男子3000m04,壮年テストクラブ1,壮年,男子,3000m,9:23.03,,,,
1437,テスト壮年男子3000m05,壮年テストクラブ1,壮年,男子,3000m,9:24.04,,,,
1438,テスト壮年男子3000m06,壮年テストクラブ1,壮年,男子,3000m,9:25.05,,,,
1439,テスト壮年男子3000m07,壮年テストクラブ1,壮年,男子,3000m,9:26.06,,,,
1440,テスト壮年男子3000m08,壮年テストクラブ1,壮年,男子,3000m,9:27.07,,,,
1441,テスト壮年男子走り幅跳び01,壮年テストクラブ1,壮年,男子,走り幅跳び,7.00,,,,
1442,テスト壮年男子走り幅跳び02,壮年テストクラブ1,壮年,男子,走り幅跳び,7.07,,,,
1443,テスト壮年男子走り幅跳び03,壮年テストクラブ1,壮年,男子,走り幅跳び,7.14,,,,
1444,テスト壮年男子走り幅跳び04,壮年テストクラブ1,壮年,男子,走り幅跳び,7.21,,,,
1445,テスト壮年男子走り幅跳び05,壮年テストクラブ1,壮年,男子,走り幅跳び,7.28,,,,
1446,テスト壮年男子走り幅跳び06,壮年テストクラブ1,壮年,男子,走り幅跳び,7.35,,,,
1447,テスト壮年男子走り幅跳び07,壮年テストクラブ1,壮年,男子,走り幅跳び,7.42,,,,
1448,テスト壮年男子走り幅跳び08,壮年テストクラブ1,壮年,男子,走り幅跳び,7.49,,,,
1449,テスト壮年男子走高跳01,壮年テストクラブ1,壮年,男子,走高跳,7.40,,,,
1450,テスト壮年男子走高跳02,壮年テストクラブ1,壮年,男子,走高跳,7.47,,,,
1451,テスト壮年男子走高跳03,壮年テストクラブ1,壮年,男子,走高跳,7.54,,,,
1452,テスト壮年男子走高跳04,壮年テストクラブ1,壮年,男子,走高跳,7.61,,,,
1453,テスト壮年男子走高跳05,壮年テストクラブ1,壮年,男子,走高跳,7.68,,,,
1454,テスト壮年男子走高跳06,壮年テストクラブ1,壮年,男子,走高跳,7.75,,,,
1455,テスト壮年男子走高跳07,壮年テストクラブ1,壮年,男子,走高跳,7.82,,,,
1456,テスト壮年男子走高跳08,壮年テストクラブ1,壮年,男子,走高跳,7.89,,,,
1457,テスト壮年男子砲丸投01,壮年テストクラブ1,壮年,男子,砲丸投,7.80,,,,
1458,テスト壮年男子砲丸投02,壮年テストクラブ1,壮年,男子,砲丸投,7.87,,,,
1459,テスト壮年男子砲丸投03,壮年テストクラブ1,壮年,男子,砲丸投,7.94,,,,
1460,テスト壮年男子砲丸投04,壮年テストクラブ1,壮年,男子,砲丸投,8.01,,,,
1461,テスト壮年男子砲丸投05,壮年テストクラブ1,壮年,男子,砲丸投,8.08,,,,
1462,テスト壮年男子砲丸投06,壮年テストクラブ1,壮年,男子,砲丸投,8.15,,,,
1463,テスト壮年男子砲丸投07,壮年テストクラブ1,壮年,男子,砲丸投,8.22,,,,
1464,テスト壮年男子砲丸投08,壮年テストクラブ1,壮年,男子,砲丸投,8.29,,,,
1441,テスト壮年女子100m01,壮年テストクラブ2,壮年,女子,100m,11.00,,,,
1442,テスト壮年女子100m02,壮年テストクラブ2,壮年,女子,100m,11.11,,,,
1443,テスト壮年女子100m03,壮年テストクラブ2,壮年,女子,100m,11.22,,,,
1444,テスト壮年女子100m04,壮年テストクラブ2,壮年,女子,100m,11.33,,,,
1445,テスト壮年女子100m05,壮年テストクラブ2,壮年,女子,100m,11.44,,,,
1446,テスト壮年女子100m06,壮年テストクラブ2,壮年,女子,100m,11.55,,,,
1447,テスト壮年女子100m07,壮年テストクラブ2,壮年,女子,100m,11.66,,,,
1448,テスト壮年女子100m08,壮年テストクラブ2,壮年,女子,100m,11.77,,,,
1449,テスト壮年女子200m01,壮年テストクラブ2,壮年,女子,200m,11.80,,,,
1450,テスト壮年女子200m02,壮年テストクラブ2,壮年,女子,200m,11.91,,,,
1451,テスト壮年女子200m03,壮年テストクラブ2,壮年,女子,200m,12.02,,,,
1452,テスト壮年女子200m04,壮年テストクラブ2,壮年,女子,200m,12.13,,,,
1453,テスト壮年女子200m05,壮年テストクラブ2,壮年,女子,200m,12.24,,,,
1454,テスト壮年女子200m06,壮年テストクラブ2,壮年,女子,200m,12.35,,,,
1455,テスト壮年女子200m07,壮年テストクラブ2,壮年,女子,200m,12.46,,,,
1456,テスト壮年女子200m08,壮年テストクラブ2,壮年,女子,200m,12.57,,,,
1457,テスト壮年女子800m01,壮年テストクラブ2,壮年,女子,800m,2:05.00,,,,
1458,テスト壮年女子800m02,壮年テストクラブ2,壮年,女子,800m,2:06.01,,,,
1459,テスト壮年女子800m03,壮年テストクラブ2,壮年,女子,800m,2:07.02,,,,
1460,テスト壮年女子800m04,壮年テストクラブ2,壮年,女子,800m,2:08.03,,,,
1461,テスト壮年女子800m05,壮年テストクラブ2,壮年,女子,800m,2:09.04,,,,
1462,テスト壮年女子800m06,壮年テストクラブ2,壮年,女子,800m,2:10.05,,,,
1463,テスト壮年女子800m07,壮年テストクラブ2,壮年,女子,800m,2:11.06,,,,
1464,テスト壮年女子800m08,壮年テストクラブ2,壮年,女子,800m,2:12.07,,,,
1465,テスト壮年女子1500m01,壮年テストクラブ2,壮年,女子,1500m,4:10.00,,,,
1466,テスト壮年女子1500m02,壮年テストクラブ2,壮年,女子,1500m,4:11.01,,,,
1467,テスト壮年女子1500m03,壮年テストクラブ2,壮年,女子,1500m,4:12.02,,,,
1468,テスト壮年女子1500m04,壮年テストクラブ2,壮年,女子,1500m,4:13.03,,,,
1469,テスト壮年女子1500m05,壮年テストクラブ2,壮年,女子,1500m,4:14.04,,,,
1470,テスト壮年女子1500m06,壮年テストクラブ2,壮年,女子,1500m,4:15.05,,,,
1471,テスト壮年女子1500m07,壮年テストクラブ2,壮年,女子,1500m,4:16.06,,,,
1472,テスト壮年女子1500m08,壮年テストクラブ2,壮年,女子,1500m,4:17.07,,,,
1473,テスト壮年女子3000m01,壮年テストクラブ2,壮年,女子,3000m,9:20.00,,,,
1474,テスト壮年女子3000m02,壮年テストクラブ2,壮年,女子,3000m,9:21.01,,,,
1475,テスト壮年女子3000m03,壮年テストクラブ2,壮年,女子,3000m,9:22.02,,,,
1476,テスト壮年女子3000m04,壮年テストクラブ2,壮年,女子,3000m,9:23.03,,,,
1477,テスト壮年女子3000m05,壮年テストクラブ2,壮年,女子,3000m,9:24.04,,,,
1478,テスト壮年女子3000m06,壮年テストクラブ2,壮年,女子,3000m,9:25.05,,,,
1479,テスト壮年女子3000m07,壮年テストクラブ2,壮年,女子,3000m,9:26.06,,,,
1480,テスト壮年女子3000m08,壮年テストクラブ2,壮年,女子,3000m,9:27.07,,,,
1481,テスト壮年女子走り幅跳び01,壮年テストクラブ2,壮年,女子,走り幅跳び,7.00,,,,
1482,テスト壮年女子走り幅跳び02,壮年テストクラブ2,壮年,女子,走り幅跳び,7.07,,,,
1483,テスト壮年女子走り幅跳び03,壮年テストクラブ2,壮年,女子,走り幅跳び,7.14,,,,
1484,テスト壮年女子走り幅跳び04,壮年テストクラブ2,壮年,女子,走り幅跳び,7.21,,,,
1485,テスト壮年女子走り幅跳び05,壮年テストクラブ2,壮年,女子,走り幅跳び,7.28,,,,
1486,テスト壮年女子走り幅跳び06,壮年テストクラブ2,壮年,女子,走り幅跳び,7.35,,,,
1487,テスト壮年女子走り幅跳び07,壮年テストクラブ2,壮年,女子,走り幅跳び,7.42,,,,
1488,テスト壮年女子走り幅跳び08,壮年テストクラブ2,壮年,女子,走り幅跳び,7.49,,,,
1489,テスト壮年女子走高跳01,壮年テストクラブ2,壮年,女子,走高跳,7.40,,,,
1490,テスト壮年女子走高跳02,壮年テストクラブ2,壮年,女子,走高跳,7.47,,,,
1491,テスト壮年女子走高跳03,壮年テストクラブ2,壮年,女子,走高跳,7.54,,,,
1492,テスト壮年女子走高跳04,壮年テストクラブ2,壮年,女子,走高跳,7.61,,,,
1493,テスト壮年女子走高跳05,壮年テストクラブ2,壮年,女子,走高跳,7.68,,,,
1494,テスト壮年女子走高跳06,壮年テストクラブ2,壮年,女子,走高跳,7.75,,,,
1495,テスト壮年女子走高跳07,壮年テストクラブ2,壮年,女子,走高跳,7.82,,,,
1496,テスト壮年女子走高跳08,壮年テストクラブ2,壮年,女子,走高跳,7.89,,,,
1497,テスト壮年女子砲丸投01,壮年テストクラブ2,壮年,女子,砲丸投,7.80,,,,
1498,テスト壮年女子砲丸投02,壮年テストクラブ2,壮年,女子,砲丸投,7.87,,,,
1499,テスト壮年女子砲丸投03,壮年テストクラブ2,壮年,女子,砲丸投,7.94,,,,
1500,テスト壮年女子砲丸投04,壮年テストクラブ2,壮年,女子,砲丸投,8.01,,,,
1501,テスト壮年女子砲丸投05,壮年テストクラブ2,壮年,女子,砲丸投,8.08,,,,
1502,テスト壮年女子砲丸投06,壮年テストクラブ2,壮年,女子,砲丸投,8.15,,,,
1503,テスト壮年女子砲丸投07,壮年テストクラブ2,壮年,女子,砲丸投,8.22,,,,
1504,テスト壮年女子砲丸投08,壮年テストクラブ2,壮年,女子,砲丸投,8.29,,,,
501,一般男子4x100mR-T01,一般テストクラブ1,一般,男子,4×100mR,42.00,一般男子4x100mR01-選手1,一般男子4x100mR01-選手2,一般男子4x100mR01-選手3,一般男子4x100mR01-選手4
502,一般男子4x100mR-T02,一般テストクラブ1,一般,男子,4×100mR,42.35,一般男子4x100mR02-選手1,一般男子4x100mR02-選手2,一般男子4x100mR02-選手3,一般男子4x100mR02-選手4
503,一般男子4x100mR-T03,一般テストクラブ1,一般,男子,4×100mR,42.70,一般男子4x100mR03-選手1,一般男子4x100mR03-選手2,一般男子4x100mR03-選手3,一般男子4x100mR03-選手4
504,一般男子4x100mR-T04,一般テストクラブ1,一般,男子,4×100mR,43.05,一般男子4x100mR04-選手1,一般男子4x100mR04-選手2,一般男子4x100mR04-選手3,一般男子4x100mR04-選手4
505,一般男子4x100mR-T05,一般テストクラブ1,一般,男子,4×100mR,43.40,一般男子4x100mR05-選手1,一般男子4x100mR05-選手2,一般男子4x100mR05-選手3,一般男子4x100mR05-選手4
506,一般男子4x100mR-T06,一般テストクラブ1,一般,男子,4×100mR,43.75,一般男子4x100mR06-選手1,一般男子4x100mR06-選手2,一般男子4x100mR06-選手3,一般男子4x100mR06-選手4
507,一般男子4x100mR-T07,一般テストクラブ1,一般,男子,4×100mR,44.10,一般男子4x100mR07-選手1,一般男子4x100mR07-選手2,一般男子4x100mR07-選手3,一般男子4x100mR07-選手4
508,一般男子4x100mR-T08,一般テストクラブ1,一般,男子,4×100mR,44.45,一般男子4x100mR08-選手1,一般男子4x100mR08-選手2,一般男子4x100mR08-選手3,一般男子4x100mR08-選手4
509,一般男子4x400mR-T01,一般テストクラブ1,一般,男子,4×400mR,50.00,一般男子4x400mR01-選手1,一般男子4x400mR01-選手2,一般男子4x400mR01-選手3,一般男子4x400mR01-選手4
510,一般男子4x400mR-T02,一般テストクラブ1,一般,男子,4×400mR,50.35,一般男子4x400mR02-選手1,一般男子4x400mR02-選手2,一般男子4x400mR02-選手3,一般男子4x400mR02-選手4
511,一般男子4x400mR-T03,一般テストクラブ1,一般,男子,4×400mR,50.70,一般男子4x400mR03-選手1,一般男子4x400mR03-選手2,一般男子4x400mR03-選手3,一般男子4x400mR03-選手4
512,一般男子4x400mR-T04,一般テストクラブ1,一般,男子,4×400mR,51.05,一般男子4x400mR04-選手1,一般男子4x400mR04-選手2,一般男子4x400mR04-選手3,一般男子4x400mR04-選手4
513,一般男子4x400mR-T05,一般テストクラブ1,一般,男子,4×400mR,51.40,一般男子4x400mR05-選手1,一般男子4x400mR05-選手2,一般男子4x400mR05-選手3,一般男子4x400mR05-選手4
514,一般男子4x400mR-T06,一般テストクラブ1,一般,男子,4×400mR,51.75,一般男子4x400mR06-選手1,一般男子4x400mR06-選手2,一般男子4x400mR06-選手3,一般男子4x400mR06-選手4
515,一般男子4x400mR-T07,一般テストクラブ1,一般,男子,4×400mR,52.10,一般男子4x400mR07-選手1,一般男子4x400mR07-選手2,一般男子4x400mR07-選手3,一般男子4x400mR07-選手4
516,一般男子4x400mR-T08,一般テストクラブ1,一般,男子,4×400mR,52.45,一般男子4x400mR08-選手1,一般男子4x400mR08-選手2,一般男子4x400mR08-選手3,一般男子4x400mR08-選手4
517,一般女子4x100mR-T01,一般テストクラブ2,一般,女子,4×100mR,42.00,一般女子4x100mR01-選手1,一般女子4x100mR01-選手2,一般女子4x100mR01-選手3,一般女子4x100mR01-選手4
518,一般女子4x100mR-T02,一般テストクラブ2,一般,女子,4×100mR,42.35,一般女子4x100mR02-選手1,一般女子4x100mR02-選手2,一般女子4x100mR02-選手3,一般女子4x100mR02-選手4
519,一般女子4x100mR-T03,一般テストクラブ2,一般,女子,4×100mR,42.70,一般女子4x100mR03-選手1,一般女子4x100mR03-選手2,一般女子4x100mR03-選手3,一般女子4x100mR03-選手4
520,一般女子4x100mR-T04,一般テストクラブ2,一般,女子,4×100mR,43.05,一般女子4x100mR04-選手1,一般女子4x100mR04-選手2,一般女子4x100mR04-選手3,一般女子4x100mR04-選手4
521,一般女子4x100mR-T05,一般テストクラブ2,一般,女子,4×100mR,43.40,一般女子4x100mR05-選手1,一般女子4x100mR05-選手2,一般女子4x100mR05-選手3,一般女子4x100mR05-選手4
522,一般女子4x100mR-T06,一般テストクラブ2,一般,女子,4×100mR,43.75,一般女子4x100mR06-選手1,一般女子4x100mR06-選手2,一般女子4x100mR06-選手3,一般女子4x100mR06-選手4
523,一般女子4x100mR-T07,一般テストクラブ2,一般,女子,4×100mR,44.10,一般女子4x100mR07-選手1,一般女子4x100mR07-選手2,一般女子4x100mR07-選手3,一般女子4x100mR07-選手4
524,一般女子4x100mR-T08,一般テストクラブ2,一般,女子,4×100mR,44.45,一般女子4x100mR08-選手1,一般女子4x100mR08-選手2,一般女子4x100mR08-選手3,一般女子4x100mR08-選手4
525,一般女子4x400mR-T01,一般テストクラブ2,一般,女子,4×400mR,50.00,一般女子4x400mR01-選手1,一般女子4x400mR01-選手2,一般女子4x400mR01-選手3,一般女子4x400mR01-選手4
526,一般女子4x400mR-T02,一般テストクラブ2,一般,女子,4×400mR,50.35,一般女子4x400mR02-選手1,一般女子4x400mR02-選手2,一般女子4x400mR02-選手3,一般女子4x400mR02-選手4
527,一般女子4x400mR-T03,一般テストクラブ2,一般,女子,4×400mR,50.70,一般女子4x400mR03-選手1,一般女子4x400mR03-選手2,一般女子4x400mR03-選手3,一般女子4x400mR03-選手4
528,一般女子4x400mR-T04,一般テストクラブ2,一般,女子,4×400mR,51.05,一般女子4x400mR04-選手1,一般女子4x400mR04-選手2,一般女子4x400mR04-選手3,一般女子4x400mR04-選手4
529,一般女子4x400mR-T05,一般テストクラブ2,一般,女子,4×400mR,51.40,一般女子4x400mR05-選手1,一般女子4x400mR05-選手2,一般女子4x400mR05-選手3,一般女子4x400mR05-選手4
530,一般女子4x400mR-T06,一般テストクラブ2,一般,女子,4×400mR,51.75,一般女子4x400mR06-選手1,一般女子4x400mR06-選手2,一般女子4x400mR06-選手3,一般女子4x400mR06-選手4
531,一般女子4x400mR-T07,一般テストクラブ2,一般,女子,4×400mR,52.10,一般女子4x400mR07-選手1,一般女子4x400mR07-選手2,一般女子4x400mR07-選手3,一般女子4x400mR07-選手4
532,一般女子4x400mR-T08,一般テストクラブ2,一般,女子,4×400mR,52.45,一般女子4x400mR08-選手1,一般女子4x400mR08-選手2,一般女子4x400mR08-選手3,一般女子4x400mR08-選手4
533,高校男子4x100mR-T01,高校テストクラブ1,高校,男子,4×100mR,42.00,高校男子4x100mR01-選手1,高校男子4x100mR01-選手2,高校男子4x100mR01-選手3,高校男子4x100mR01-選手4
534,高校男子4x100mR-T02,高校テストクラブ1,高校,男子,4×100mR,42.35,高校男子4x100mR02-選手1,高校男子4x100mR02-選手2,高校男子4x100mR02-選手3,高校男子4x100mR02-選手4
535,高校男子4x100mR-T03,高校テストクラブ1,高校,男子,4×100mR,42.70,高校男子4x100mR03-選手1,高校男子4x100mR03-選手2,高校男子4x100mR03-選手3,高校男子4x100mR03-選手4
536,高校男子4x100mR-T04,高校テストクラブ1,高校,男子,4×100mR,43.05,高校男子4x100mR04-選手1,高校男子4x100mR04-選手2,高校男子4x100mR04-選手3,高校男子4x100mR04-選手4
537,高校男子4x100mR-T05,高校テストクラブ1,高校,男子,4×100mR,43.40,高校男子4x100mR05-選手1,高校男子4x100mR05-選手2,高校男子4x100mR05-選手3,高校男子4x100mR05-選手4
538,高校男子4x100mR-T06,高校テストクラブ1,高校,男子,4×100mR,43.75,高校男子4x100mR06-選手1,高校男子4x100mR06-選手2,高校男子4x100mR06-選手3,高校男子4x100mR06-選手4
539,高校男子4x100mR-T07,高校テストクラブ1,高校,男子,4×100mR,44.10,高校男子4x100mR07-選手1,高校男子4x100mR07-選手2,高校男子4x100mR07-選手3,高校男子4x100mR07-選手4
540,高校男子4x100mR-T08,高校テストクラブ1,高校,男子,4×100mR,44.45,高校男子4x100mR08-選手1,高校男子4x100mR08-選手2,高校男子4x100mR08-選手3,高校男子4x100mR08-選手4
541,高校男子4x400mR-T01,高校テストクラブ1,高校,男子,4×400mR,50.00,高校男子4x400mR01-選手1,高校男子4x400mR01-選手2,高校男子4x400mR01-選手3,高校男子4x400mR01-選手4
542,高校男子4x400mR-T02,高校テストクラブ1,高校,男子,4×400mR,50.35,高校男子4x400mR02-選手1,高校男子4x400mR02-選手2,高校男子4x400mR02-選手3,高校男子4x400mR02-選手4
543,高校男子4x400mR-T03,高校テストクラブ1,高校,男子,4×400mR,50.70,高校男子4x400mR03-選手1,高校男子4x400mR03-選手2,高校男子4x400mR03-選手3,高校男子4x400mR03-選手4
544,高校男子4x400mR-T04,高校テストクラブ1,高校,男子,4×400mR,51.05,高校男子4x400mR04-選手1,高校男子4x400mR04-選手2,高校男子4x400mR04-選手3,高校男子4x400mR04-選手4
545,高校男子4x400mR-T05,高校テストクラブ1,高校,男子,4×400mR,51.40,高校男子4x400mR05-選手1,高校男子4x400mR05-選手2,高校男子4x400mR05-選手3,高校男子4x400mR05-選手4
546,高校男子4x400mR-T06,高校テストクラブ1,高校,男子,4×400mR,51.75,高校男子4x400mR06-選手1,高校男子4x400mR06-選手2,高校男子4x400mR06-選手3,高校男子4x400mR06-選手4
547,高校男子4x400mR-T07,高校テストクラブ1,高校,男子,4×400mR,52.10,高校男子4x400mR07-選手1,高校男子4x400mR07-選手2,高校男子4x400mR07-選手3,高校男子4x400mR07-選手4
548,高校男子4x400mR-T08,高校テストクラブ1,高校,男子,4×400mR,52.45,高校男子4x400mR08-選手1,高校男子4x400mR08-選手2,高校男子4x400mR08-選手3,高校男子4x400mR08-選手4
549,高校女子4x100mR-T01,高校テストクラブ2,高校,女子,4×100mR,42.00,高校女子4x100mR01-選手1,高校女子4x100mR01-選手2,高校女子4x100mR01-選手3,高校女子4x100mR01-選手4
550,高校女子4x100mR-T02,高校テストクラブ2,高校,女子,4×100mR,42.35,高校女子4x100mR02-選手1,高校女子4x100mR02-選手2,高校女子4x100mR02-選手3,高校女子4x100mR02-選手4
551,高校女子4x100mR-T03,高校テストクラブ2,高校,女子,4×100mR,42.70,高校女子4x100mR03-選手1,高校女子4x100mR03-選手2,高校女子4x100mR03-選手3,高校女子4x100mR03-選手4
552,高校女子4x100mR-T04,高校テストクラブ2,高校,女子,4×100mR,43.05,高校女子4x100mR04-選手1,高校女子4x100mR04-選手2,高校女子4x100mR04-選手3,高校女子4x100mR04-選手4
553,高校女子4x100mR-T05,高校テストクラブ2,高校,女子,4×100mR,43.40,高校女子4x100mR05-選手1,高校女子4x100mR05-選手2,高校女子4x100mR05-選手3,高校女子4x100mR05-選手4
554,高校女子4x100mR-T06,高校テストクラブ2,高校,女子,4×100mR,43.75,高校女子4x100mR06-選手1,高校女子4x100mR06-選手2,高校女子4x100mR06-選手3,高校女子4x100mR06-選手4
555,高校女子4x100mR-T07,高校テストクラブ2,高校,女子,4×100mR,44.10,高校女子4x100mR07-選手1,高校女子4x100mR07-選手2,高校女子4x100mR07-選手3,高校女子4x100mR07-選手4
556,高校女子4x100mR-T08,高校テストクラブ2,高校,女子,4×100mR,44.45,高校女子4x100mR08-選手1,高校女子4x100mR08-選手2,高校女子4x100mR08-選手3,高校女子4x100mR08-選手4
557,高校女子4x400mR-T01,高校テストクラブ2,高校,女子,4×400mR,50.00,高校女子4x400mR01-選手1,高校女子4x400mR01-選手2,高校女子4x400mR01-選手3,高校女子4x400mR01-選手4
558,高校女子4x400mR-T02,高校テストクラブ2,高校,女子,4×400mR,50.35,高校女子4x400mR02-選手1,高校女子4x400mR02-選手2,高校女子4x400mR02-選手3,高校女子4x400mR02-選手4
559,高校女子4x400mR-T03,高校テストクラブ2,高校,女子,4×400mR,50.70,高校女子4x400mR03-選手1,高校女子4x400mR03-選手2,高校女子4x400mR03-選手3,高校女子4x400mR03-選手4
560,高校女子4x400mR-T04,高校テストクラブ2,高校,女子,4×400mR,51.05,高校女子4x400mR04-選手1,高校女子4x400mR04-選手2,高校女子4x400mR04-選手3,高校女子4x400mR04-選手4
561,高校女子4x400mR-T05,高校テストクラブ2,高校,女子,4×400mR,51.40,高校女子4x400mR05-選手1,高校女子4x400mR05-選手2,高校女子4x400mR05-選手3,高校女子4x400mR05-選手4
562,高校女子4x400mR-T06,高校テストクラブ2,高校,女子,4×400mR,51.75,高校女子4x400mR06-選手1,高校女子4x400mR06-選手2,高校女子4x400mR06-選手3,高校女子4x400mR06-選手4
563,高校女子4x400mR-T07,高校テストクラブ2,高校,女子,4×400mR,52.10,高校女子4x400mR07-選手1,高校女子4x400mR07-選手2,高校女子4x400mR07-選手3,高校女子4x400mR07-選手4
564,高校女子4x400mR-T08,高校テストクラブ2,高校,女子,4×400mR,52.45,高校女子4x400mR08-選手1,高校女子4x400mR08-選手2,高校女子4x400mR08-選手3,高校女子4x400mR08-選手4
565,中学男子4x100mR-T01,中学テストクラブ1,中学,男子,4×100mR,42.00,中学男子4x100mR01-選手1,中学男子4x100mR01-選手2,中学男子4x100mR01-選手3,中学男子4x100mR01-選手4
566,中学男子4x100mR-T02,中学テストクラブ1,中学,男子,4×100mR,42.35,中学男子4x100mR02-選手1,中学男子4x100mR02-選手2,中学男子4x100mR02-選手3,中学男子4x100mR02-選手4
567,中学男子4x100mR-T03,中学テストクラブ1,中学,男子,4×100mR,42.70,中学男子4x100mR03-選手1,中学男子4x100mR03-選手2,中学男子4x100mR03-選手3,中学男子4x100mR03-選手4
568,中学男子4x100mR-T04,中学テストクラブ1,中学,男子,4×100mR,43.05,中学男子4x100mR04-選手1,中学男子4x100mR04-選手2,中学男子4x100mR04-選手3,中学男子4x100mR04-選手4
569,中学男子4x100mR-T05,中学テストクラブ1,中学,男子,4×100mR,43.40,中学男子4x100mR05-選手1,中学男子4x100mR05-選手2,中学男子4x100mR05-選手3,中学男子4x100mR05-選手4
570,中学男子4x100mR-T06,中学テストクラブ1,中学,男子,4×100mR,43.75,中学男子4x100mR06-選手1,中学男子4x100mR06-選手2,中学男子4x100mR06-選手3,中学男子4x100mR06-選手4
571,中学男子4x100mR-T07,中学テストクラブ1,中学,男子,4×100mR,44.10,中学男子4x100mR07-選手1,中学男子4x100mR07-選手2,中学男子4x100mR07-選手3,中学男子4x100mR07-選手4
572,中学男子4x100mR-T08,中学テストクラブ1,中学,男子,4×100mR,44.45,中学男子4x100mR08-選手1,中学男子4x100mR08-選手2,中学男子4x100mR08-選手3,中学男子4x100mR08-選手4
573,中学男子4x400mR-T01,中学テストクラブ1,中学,男子,4×400mR,50.00,中学男子4x400mR01-選手1,中学男子4x400mR01-選手2,中学男子4x400mR01-選手3,中学男子4x400mR01-選手4
574,中学男子4x400mR-T02,中学テストクラブ1,中学,男子,4×400mR,50.35,中学男子4x400mR02-選手1,中学男子4x400mR02-選手2,中学男子4x400mR02-選手3,中学男子4x400mR02-選手4
575,中学男子4x400mR-T03,中学テストクラブ1,中学,男子,4×400mR,50.70,中学男子4x400mR03-選手1,中学男子4x400mR03-選手2,中学男子4x400mR03-選手3,中学男子4x400mR03-選手4
576,中学男子4x400mR-T04,中学テストクラブ1,中学,男子,4×400mR,51.05,中学男子4x400mR04-選手1,中学男子4x400mR04-選手2,中学男子4x400mR04-選手3,中学男子4x400mR04-選手4
577,中学男子4x400mR-T05,中学テストクラブ1,中学,男子,4×400mR,51.40,中学男子4x400mR05-選手1,中学男子4x400mR05-選手2,中学男子4x400mR05-選手3,中学男子4x400mR05-選手4
578,中学男子4x400mR-T06,中学テストクラブ1,中学,男子,4×400mR,51.75,中学男子4x400mR06-選手1,中学男子4x400mR06-選手2,中学男子4x400mR06-選手3,中学男子4x400mR06-選手4
579,中学男子4x400mR-T07,中学テストクラブ1,中学,男子,4×400mR,52.10,中学男子4x400mR07-選手1,中学男子4x400mR07-選手2,中学男子4x400mR07-選手3,中学男子4x400mR07-選手4
580,中学男子4x400mR-T08,中学テストクラブ1,中学,男子,4×400mR,52.45,中学男子4x400mR08-選手1,中学男子4x400mR08-選手2,中学男子4x400mR08-選手3,中学男子4x400mR08-選手4
581,中学女子4x100mR-T01,中学テストクラブ2,中学,女子,4×100mR,42.00,中学女子4x100mR01-選手1,中学女子4x100mR01-選手2,中学女子4x100mR01-選手3,中学女子4x100mR01-選手4
582,中学女子4x100mR-T02,中学テストクラブ2,中学,女子,4×100mR,42.35,中学女子4x100mR02-選手1,中学女子4x100mR02-選手2,中学女子4x100mR02-選手3,中学女子4x100mR02-選手4
583,中学女子4x100mR-T03,中学テストクラブ2,中学,女子,4×100mR,42.70,中学女子4x100mR03-選手1,中学女子4x100mR03-選手2,中学女子4x100mR03-選手3,中学女子4x100mR03-選手4
584,中学女子4x100mR-T04,中学テストクラブ2,中学,女子,4×100mR,43.05,中学女子4x100mR04-選手1,中学女子4x100mR04-選手2,中学女子4x100mR04-選手3,中学女子4x100mR04-選手4
585,中学女子4x100mR-T05,中学テストクラブ2,中学,女子,4×100mR,43.40,中学女子4x100mR05-選手1,中学女子4x100mR05-選手2,中学女子4x100mR05-選手3,中学女子4x100mR05-選手4
586,中学女子4x100mR-T06,中学テストクラブ2,中学,女子,4×100mR,43.75,中学女子4x100mR06-選手1,中学女子4x100mR06-選手2,中学女子4x100mR06-選手3,中学女子4x100mR06-選手4
587,中学女子4x100mR-T07,中学テストクラブ2,中学,女子,4×100mR,44.10,中学女子4x100mR07-選手1,中学女子4x100mR07-選手2,中学女子4x100mR07-選手3,中学女子4x100mR07-選手4
588,中学女子4x100mR-T08,中学テストクラブ2,中学,女子,4×100mR,44.45,中学女子4x100mR08-選手1,中学女子4x100mR08-選手2,中学女子4x100mR08-選手3,中学女子4x100mR08-選手4
589,中学女子4x400mR-T01,中学テストクラブ2,中学,女子,4×400mR,50.00,中学女子4x400mR01-選手1,中学女子4x400mR01-選手2,中学女子4x400mR01-選手3,中学女子4x400mR01-選手4
590,中学女子4x400mR-T02,中学テストクラブ2,中学,女子,4×400mR,50.35,中学女子4x400mR02-選手1,中学女子4x400mR02-選手2,中学女子4x400mR02-選手3,中学女子4x400mR02-選手4
591,中学女子4x400mR-T03,中学テストクラブ2,中学,女子,4×400mR,50.70,中学女子4x400mR03-選手1,中学女子4x400mR03-選手2,中学女子4x400mR03-選手3,中学女子4x400mR03-選手4
592,中学女子4x400mR-T04,中学テストクラブ2,中学,女子,4×400mR,51.05,中学女子4x400mR04-選手1,中学女子4x400mR04-選手2,中学女子4x400mR04-選手3,中学女子4x400mR04-選手4
593,中学女子4x400mR-T05,中学テストクラブ2,中学,女子,4×400mR,51.40,中学女子4x400mR05-選手1,中学女子4x400mR05-選手2,中学女子4x400mR05-選手3,中学女子4x400mR05-選手4
594,中学女子4x400mR-T06,中学テストクラブ2,中学,女子,4×400mR,51.75,中学女子4x400mR06-選手1,中学女子4x400mR06-選手2,中学女子4x400mR06-選手3,中学女子4x400mR06-選手4
595,中学女子4x400mR-T07,中学テストクラブ2,中学,女子,4×400mR,52.10,中学女子4x400mR07-選手1,中学女子4x400mR07-選手2,中学女子4x400mR07-選手3,中学女子4x400mR07-選手4
596,中学女子4x400mR-T08,中学テストクラブ2,中学,女子,4×400mR,52.45,中学女子4x400mR08-選手1,中学女子4x400mR08-選手2,中学女子4x400mR08-選手3,中学女子4x400mR08-選手4
597,小学男子4x100mR-T01,小学テストクラブ1,小学,男子,4×100mR,42.00,小学男子4x100mR01-選手1,小学男子4x100mR01-選手2,小学男子4x100mR01-選手3,小学男子4x100mR01-選手4
598,小学男子4x100mR-T02,小学テストクラブ1,小学,男子,4×100mR,42.35,小学男子4x100mR02-選手1,小学男子4x100mR02-選手2,小学男子4x100mR02-選手3,小学男子4x100mR02-選手4
599,小学男子4x100mR-T03,小学テストクラブ1,小学,男子,4×100mR,42.70,小学男子4x100mR03-選手1,小学男子4x100mR03-選手2,小学男子4x100mR03-選手3,小学男子4x100mR03-選手4
600,小学男子4x100mR-T04,小学テストクラブ1,小学,男子,4×100mR,43.05,小学男子4x100mR04-選手1,小学男子4x100mR04-選手2,小学男子4x100mR04-選手3,小学男子4x100mR04-選手4
601,小学男子4x100mR-T05,小学テストクラブ1,小学,男子,4×100mR,43.40,小学男子4x100mR05-選手1,小学男子4x100mR05-選手2,小学男子4x100mR05-選手3,小学男子4x100mR05-選手4
602,小学男子4x100mR-T06,小学テストクラブ1,小学,男子,4×100mR,43.75,小学男子4x100mR06-選手1,小学男子4x100mR06-選手2,小学男子4x100mR06-選手3,小学男子4x100mR06-選手4
603,小学男子4x100mR-T07,小学テストクラブ1,小学,男子,4×100mR,44.10,小学男子4x100mR07-選手1,小学男子4x100mR07-選手2,小学男子4x100mR07-選手3,小学男子4x100mR07-選手4
604,小学男子4x100mR-T08,小学テストクラブ1,小学,男子,4×100mR,44.45,小学男子4x100mR08-選手1,小学男子4x100mR08-選手2,小学男子4x100mR08-選手3,小学男子4x100mR08-選手4
605,小学男子4x400mR-T01,小学テストクラブ1,小学,男子,4×400mR,50.00,小学男子4x400mR01-選手1,小学男子4x400mR01-選手2,小学男子4x400mR01-選手3,小学男子4x400mR01-選手4
606,小学男子4x400mR-T02,小学テストクラブ1,小学,男子,4×400mR,50.35,小学男子4x400mR02-選手1,小学男子4x400mR02-選手2,小学男子4x400mR02-選手3,小学男子4x400mR02-選手4
607,小学男子4x400mR-T03,小学テストクラブ1,小学,男子,4×400mR,50.70,小学男子4x400mR03-選手1,小学男子4x400mR03-選手2,小学男子4x400mR03-選手3,小学男子4x400mR03-選手4
608,小学男子4x400mR-T04,小学テストクラブ1,小学,男子,4×400mR,51.05,小学男子4x400mR04-選手1,小学男子4x400mR04-選手2,小学男子4x400mR04-選手3,小学男子4x400mR04-選手4
609,小学男子4x400mR-T05,小学テストクラブ1,小学,男子,4×400mR,51.40,小学男子4x400mR05-選手1,小学男子4x400mR05-選手2,小学男子4x400mR05-選手3,小学男子4x400mR05-選手4
610,小学男子4x400mR-T06,小学テストクラブ1,小学,男子,4×400mR,51.75,小学男子4x400mR06-選手1,小学男子4x400mR06-選手2,小学男子4x400mR06-選手3,小学男子4x400mR06-選手4
611,小学男子4x400mR-T07,小学テストクラブ1,小学,男子,4×400mR,52.10,小学男子4x400mR07-選手1,小学男子4x400mR07-選手2,小学男子4x400mR07-選手3,小学男子4x400mR07-選手4
612,小学男子4x400mR-T08,小学テストクラブ1,小学,男子,4×400mR,52.45,小学男子4x400mR08-選手1,小学男子4x400mR08-選手2,小学男子4x400mR08-選手3,小学男子4x400mR08-選手4
613,小学女子4x100mR-T01,小学テストクラブ2,小学,女子,4×100mR,42.00,小学女子4x100mR01-選手1,小学女子4x100mR01-選手2,小学女子4x100mR01-選手3,小学女子4x100mR01-選手4
614,小学女子4x100mR-T02,小学テストクラブ2,小学,女子,4×100mR,42.35,小学女子4x100mR02-選手1,小学女子4x100mR02-選手2,小学女子4x100mR02-選手3,小学女子4x100mR02-選手4
615,小学女子4x100mR-T03,小学テストクラブ2,小学,女子,4×100mR,42.70,小学女子4x100mR03-選手1,小学女子4x100mR03-選手2,小学女子4x100mR03-選手3,小学女子4x100mR03-選手4
616,小学女子4x100mR-T04,小学テストクラブ2,小学,女子,4×100mR,43.05,小学女子4x100mR04-選手1,小学女子4x100mR04-選手2,小学女子4x100mR04-選手3,小学女子4x100mR04-選手4
617,小学女子4x100mR-T05,小学テストクラブ2,小学,女子,4×100mR,43.40,小学女子4x100mR05-選手1,小学女子4x100mR05-選手2,小学女子4x100mR05-選手3,小学女子4x100mR05-選手4
618,小学女子4x100mR-T06,小学テストクラブ2,小学,女子,4×100mR,43.75,小学女子4x100mR06-選手1,小学女子4x100mR06-選手2,小学女子4x100mR06-選手3,小学女子4x100mR06-選手4
619,小学女子4x100mR-T07,小学テストクラブ2,小学,女子,4×100mR,44.10,小学女子4x100mR07-選手1,小学女子4x100mR07-選手2,小学女子4x100mR07-選手3,小学女子4x100mR07-選手4
620,小学女子4x100mR-T08,小学テストクラブ2,小学,女子,4×100mR,44.45,小学女子4x100mR08-選手1,小学女子4x100mR08-選手2,小学女子4x100mR08-選手3,小学女子4x100mR08-選手4
621,小学女子4x400mR-T01,小学テストクラブ2,小学,女子,4×400mR,50.00,小学女子4x400mR01-選手1,小学女子4x400mR01-選手2,小学女子4x400mR01-選手3,小学女子4x400mR01-選手4
622,小学女子4x400mR-T02,小学テストクラブ2,小学,女子,4×400mR,50.35,小学女子4x400mR02-選手1,小学女子4x400mR02-選手2,小学女子4x400mR02-選手3,小学女子4x400mR02-選手4
623,小学女子4x400mR-T03,小学テストクラブ2,小学,女子,4×400mR,50.70,小学女子4x400mR03-選手1,小学女子4x400mR03-選手2,小学女子4x400mR03-選手3,小学女子4x400mR03-選手4
624,小学女子4x400mR-T04,小学テストクラブ2,小学,女子,4×400mR,51.05,小学女子4x400mR04-選手1,小学女子4x400mR04-選手2,小学女子4x400mR04-選手3,小学女子4x400mR04-選手4
625,小学女子4x400mR-T05,小学テストクラブ2,小学,女子,4×400mR,51.40,小学女子4x400mR05-選手1,小学女子4x400mR05-選手2,小学女子4x400mR05-選手3,小学女子4x400mR05-選手4
626,小学女子4x400mR-T06,小学テストクラブ2,小学,女子,4×400mR,51.75,小学女子4x400mR06-選手1,小学女子4x400mR06-選手2,小学女子4x400mR06-選手3,小学女子4x400mR06-選手4
627,小学女子4x400mR-T07,小学テストクラブ2,小学,女子,4×400mR,52.10,小学女子4x400mR07-選手1,小学女子4x400mR07-選手2,小学女子4x400mR07-選手3,小学女子4x400mR07-選手4
628,小学女子4x400mR-T08,小学テストクラブ2,小学,女子,4×400mR,52.45,小学女子4x400mR08-選手1,小学女子4x400mR08-選手2,小学女子4x400mR08-選手3,小学女子4x400mR08-選手4
629,壮年男子4x100mR-T01,壮年テストクラブ1,壮年,男子,4×100mR,42.00,壮年男子4x100mR01-選手1,壮年男子4x100mR01-選手2,壮年男子4x100mR01-選手3,壮年男子4x100mR01-選手4
630,壮年男子4x100mR-T02,壮年テストクラブ1,壮年,男子,4×100mR,42.35,壮年男子4x100mR02-選手1,壮年男子4x100mR02-選手2,壮年男子4x100mR02-選手3,壮年男子4x100mR02-選手4
631,壮年男子4x100mR-T03,壮年テストクラブ1,壮年,男子,4×100mR,42.70,壮年男子4x100mR03-選手1,壮年男子4x100mR03-選手2,壮年男子4x100mR03-選手3,壮年男子4x100mR03-選手4
632,壮年男子4x100mR-T04,壮年テストクラブ1,壮年,男子,4×100mR,43.05,壮年男子4x100mR04-選手1,壮年男子4x100mR04-選手2,壮年男子4x100mR04-選手3,壮年男子4x100mR04-選手4
633,壮年男子4x100mR-T05,壮年テストクラブ1,壮年,男子,4×100mR,43.40,壮年男子4x100mR05-選手1,壮年男子4x100mR05-選手2,壮年男子4x100mR05-選手3,壮年男子4x100mR05-選手4
634,壮年男子4x100mR-T06,壮年テストクラブ1,壮年,男子,4×100mR,43.75,壮年男子4x100mR06-選手1,壮年男子4x100mR06-選手2,壮年男子4x100mR06-選手3,壮年男子4x100mR06-選手4
635,壮年男子4x100mR-T07,壮年テストクラブ1,壮年,男子,4×100mR,44.10,壮年男子4x100mR07-選手1,壮年男子4x100mR07-選手2,壮年男子4x100mR07-選手3,壮年男子4x100mR07-選手4
636,壮年男子4x100mR-T08,壮年テストクラブ1,壮年,男子,4×100mR,44.45,壮年男子4x100mR08-選手1,壮年男子4x100mR08-選手2,壮年男子4x100mR08-選手3,壮年男子4x100mR08-選手4
637,壮年男子4x400mR-T01,壮年テストクラブ1,壮年,男子,4×400mR,50.00,壮年男子4x400mR01-選手1,壮年男子4x400mR01-選手2,壮年男子4x400mR01-選手3,壮年男子4x400mR01-選手4
638,壮年男子4x400mR-T02,壮年テストクラブ1,壮年,男子,4×400mR,50.35,壮年男子4x400mR02-選手1,壮年男子4x400mR02-選手2,壮年男子4x400mR02-選手3,壮年男子4x400mR02-選手4
639,壮年男子4x400mR-T03,壮年テストクラブ1,壮年,男子,4×400mR,50.70,壮年男子4x400mR03-選手1,壮年男子4x400mR03-選手2,壮年男子4x400mR03-選手3,壮年男子4x400mR03-選手4
640,壮年男子4x400mR-T04,壮年テストクラブ1,壮年,男子,4×400mR,51.05,壮年男子4x400mR04-選手1,壮年男子4x400mR04-選手2,壮年男子4x400mR04-選手3,壮年男子4x400mR04-選手4
641,壮年男子4x400mR-T05,壮年テストクラブ1,壮年,男子,4×400mR,51.40,壮年男子4x400mR05-選手1,壮年男子4x400mR05-選手2,壮年男子4x400mR05-選手3,壮年男子4x400mR05-選手4
642,壮年男子4x400mR-T06,壮年テストクラブ1,壮年,男子,4×400mR,51.75,壮年男子4x400mR06-選手1,壮年男子4x400mR06-選手2,壮年男子4x400mR06-選手3,壮年男子4x400mR06-選手4
643,壮年男子4x400mR-T07,壮年テストクラブ1,壮年,男子,4×400mR,52.10,壮年男子4x400mR07-選手1,壮年男子4x400mR07-選手2,壮年男子4x400mR07-選手3,壮年男子4x400mR07-選手4
644,壮年男子4x400mR-T08,壮年テストクラブ1,壮年,男子,4×400mR,52.45,壮年男子4x400mR08-選手1,壮年男子4x400mR08-選手2,壮年男子4x400mR08-選手3,壮年男子4x400mR08-選手4
645,壮年女子4x100mR-T01,壮年テストクラブ2,壮年,女子,4×100mR,42.00,壮年女子4x100mR01-選手1,壮年女子4x100mR01-選手2,壮年女子4x100mR01-選手3,壮年女子4x100mR01-選手4
646,壮年女子4x100mR-T02,壮年テストクラブ2,壮年,女子,4×100mR,42.35,壮年女子4x100mR02-選手1,壮年女子4x100mR02-選手2,壮年女子4x100mR02-選手3,壮年女子4x100mR02-選手4
647,壮年女子4x100mR-T03,壮年テストクラブ2,壮年,女子,4×100mR,42.70,壮年女子4x100mR03-選手1,壮年女子4x100mR03-選手2,壮年女子4x100mR03-選手3,壮年女子4x100mR03-選手4
648,壮年女子4x100mR-T04,壮年テストクラブ2,壮年,女子,4×100mR,43.05,壮年女子4x100mR04-選手1,壮年女子4x100mR04-選手2,壮年女子4x100mR04-選手3,壮年女子4x100mR04-選手4
649,壮年女子4x100mR-T05,壮年テストクラブ2,壮年,女子,4×100mR,43.40,壮年女子4x100mR05-選手1,壮年女子4x100mR05-選手2,壮年女子4x100mR05-選手3,壮年女子4x100mR05-選手4
650,壮年女子4x100mR-T06,壮年テストクラブ2,壮年,女子,4×100mR,43.75,壮年女子4x100mR06-選手1,壮年女子4x100mR06-選手2,壮年女子4x100mR06-選手3,壮年女子4x100mR06-選手4
651,壮年女子4x100mR-T07,壮年テストクラブ2,壮年,女子,4×100mR,44.10,壮年女子4x100mR07-選手1,壮年女子4x100mR07-選手2,壮年女子4x100mR07-選手3,壮年女子4x100mR07-選手4
652,壮年女子4x100mR-T08,壮年テストクラブ2,壮年,女子,4×100mR,44.45,壮年女子4x100mR08-選手1,壮年女子4x100mR08-選手2,壮年女子4x100mR08-選手3,壮年女子4x100mR08-選手4
653,壮年女子4x400mR-T01,壮年テストクラブ2,壮年,女子,4×400mR,50.00,壮年女子4x400mR01-選手1,壮年女子4x400mR01-選手2,壮年女子4x400mR01-選手3,壮年女子4x400mR01-選手4
654,壮年女子4x400mR-T02,壮年テストクラブ2,壮年,女子,4×400mR,50.35,壮年女子4x400mR02-選手1,壮年女子4x400mR02-選手2,壮年女子4x400mR02-選手3,壮年女子4x400mR02-選手4
655,壮年女子4x400mR-T03,壮年テストクラブ2,壮年,女子,4×400mR,50.70,壮年女子4x400mR03-選手1,壮年女子4x400mR03-選手2,壮年女子4x400mR03-選手3,壮年女子4x400mR03-選手4
656,壮年女子4x400mR-T04,壮年テストクラブ2,壮年,女子,4×400mR,51.05,壮年女子4x400mR04-選手1,壮年女子4x400mR04-選手2,壮年女子4x400mR04-選手3,壮年女子4x400mR04-選手4
657,壮年女子4x400mR-T05,壮年テストクラブ2,壮年,女子,4×400mR,51.40,壮年女子4x400mR05-選手1,壮年女子4x400mR05-選手2,壮年女子4x400mR05-選手3,壮年女子4x400mR05-選手4
658,壮年女子4x400mR-T06,壮年テストクラブ2,壮年,女子,4×400mR,51.75,壮年女子4x400mR06-選手1,壮年女子4x400mR06-選手2,壮年女子4x400mR06-選手3,壮年女子4x400mR06-選手4
659,壮年女子4x400mR-T07,壮年テストクラブ2,壮年,女子,4×400mR,52.10,壮年女子4x400mR07-選手1,壮年女子4x400mR07-選手2,壮年女子4x400mR07-選手3,壮年女子4x400mR07-選手4
660,壮年女子4x400mR-T08,壮年テストクラブ2,壮年,女子,4×400mR,52.45,壮年女子4x400mR08-選手1,壮年女子4x400mR08-選手2,壮年女子4x400mR08-選手3,壮年女子4x400mR08-選手4
