bib,name,team,gender,event,pb
401,森田 悠斗,静岡東高,男子,1000m,2:58.42
402,小林 美咲,浜松南高,女子,1000m,3:21.18
403,鈴木 陸,沼津陸協,男子,1000m,3:04.60
404,高橋 彩乃,三島中,女子,1000m,3:18.75
405,田中 翔,藤枝AC,男子,1000m,2:52.31
406,山本 結衣,富士宮TC,女子,1000m,3:29.06
407,加藤 海斗,静岡西高,男子,1500m,4:08.52
408,中村 葵,浜松市立高,女子,1500m,4:38.27
409,吉田 拓海,沼津工業高,男子,1500m,4:21.03
410,斎藤 花,三島陸協,女子,1500m,4:54.18
411,井上 大地,掛川AC,男子,1500m,4:32.64
412,松井 結衣,静岡中央高,女子,1500m,5:06.72
413,岡田 健太,浜松クラブ,男子,3000m,8:58.41
414,清水 美月,静岡陸協,女子,3000m,10:24.36
415,池田 颯太,沼津陸協,男子,3000m,9:12.58
416,石井 さくら,富士宮TC,女子,3000m,10:41.83
417,山田 陽介,藤枝明誠高,男子,3000m,9:28.17
418,渡辺 奈々,浜松西高,女子,3000m,11:02.45
419,伊藤 蓮,静岡陸協,男子,1000m,3:11.94
420,佐藤 愛,掛川AC,女子,1500m,5:19.38
